"HITId","AssignmentId","WorkerId","AssignmentStatus","AcceptTime","ApprovalTime","RejectionTime","RequesterFeedback","WorkTimeInSeconds","Answer.0metaphorNovelty0","Answer.0metaphorNovelty1","Answer.0metaphorNovelty2","Answer.0metaphorNovelty3","Answer.0metaphorNovelty4","Answer.0metaphorNovelty5","Answer.0metaphorNovelty6","Answer.1metaphorNovelty0","Answer.2metaphorNovelty0","Answer.2metaphorNovelty1","Answer.2metaphorNovelty2","Answer.2metaphorNovelty3","Answer.2metaphorNovelty4","Answer.2metaphorNovelty5","Answer.3metaphorNovelty0","Answer.4metaphorNovelty0","Answer.4metaphorNovelty1","Answer.4metaphorNovelty2","Answer.4metaphorNovelty3","Answer.4metaphorNovelty4","Answer.4metaphorNovelty5","Answer.5metaphorNovelty0","Answer.6metaphorNovelty0","Answer.6metaphorNovelty1","Answer.6metaphorNovelty2","Answer.6metaphorNovelty3","Answer.6metaphorNovelty4","Answer.6metaphorNovelty5","Answer.7metaphorNovelty0","Answer.8metaphorNovelty0","Answer.8metaphorNovelty1","Answer.8metaphorNovelty2","Answer.8metaphorNovelty3","Answer.8metaphorNovelty4","Answer.8metaphorNovelty5","Answer.9metaphorNovelty0","Answer.example1","Answer.example2","Answer.example3","Approve","Reject"
"3Z33IC0JCZLLMNI3C4WCOUDDKTUV9I","3AAPLD8UCCH1BLURVNPRODIWID9HTZ","E","Approved","Tue Jan 17 14:25:07 PST 2017","Wed Jan 18 13:54:43 PST 2017",,,244,"3413__evidence_4__balance_2 1","3413__swinging_8__balance_2 1","3413__original_12__balance_2 0","3413__idea_13__balance_2 0","3413__swamp-dwelling_15__balance_2 0","3413__giant_16__balance_2 0","3413__terrestrial_20__balance_2 0","7948__play_2__Foul_1 1","3394__Active_1__swimmers_2 0","3394__waters_6__swimmers_2 0","3394__oceans_10__swimmers_2 0","3394__feed_14__swimmers_2 0","3394__directly_15__swimmers_2 0","3394__plankton_18__swimmers_2 0","324__excesses_9__form_12 1","32__latter_30__appears_47 0","32__referring_31__appears_47 0","32__course_34__appears_47 0","32__victory_39__appears_47 0","32__significance_44__appears_47 1","32__ignored_53__appears_47 1","7637__moment_8__stop_4 0","7644__positive_2__sense_3 0","7644__path_7__sense_3 0","7644__defined_9__sense_3 0","7644__relative_10__sense_3 0","7644__positive_13__sense_3 0","7644__current_14__sense_3 0","10622__hell_3__bloody_2 1","212__departments_2__act_15 0","212__quangos_4__act_15 0","212__designed_13__act_15 1","212__irritants_17__act_15 1","212__antagonists_19__act_15 0","212__system_24__act_15 0","7710__makes_29__field_31 1",3,1,0,,
"39KV3A5D1761GCD63CTNZB20QZCS7Y","3JV9LGBJWTE7YXU8F0LA930845FGOD","E","Approved","Tue Jan 17 14:46:51 PST 2017","Wed Jan 18 13:54:43 PST 2017",,,310,"7673__section_4__beam_11 0","7673__consider_7__beam_11 1","7673__cylindrical_9__beam_11 0","7673__electron_10__beam_11 0","7673__radius_13__beam_11 0",,,"7710__deflected_23__beam_20 0","39__education_5__add_2 1","39__statistics_8__add_2 1","39__figures_11__add_2 0","39__improve_14__add_2 0","39__position_17__add_2 0",,"5__office_27__head_26 1","273__act_9__rest_13 0","273__obliged_11__rest_13 0","273__stand_16__rest_13 1","273__amplifiers_18__rest_13 1","273__beer_20__rest_13 0",,"10474__hell_6__bloody_5 1","334__books_2__characters_24 0","334__feature_21__characters_24 0","334__perennial_23__characters_24 1","334__tales_27__characters_24 0","334__rhymes_30__characters_24 0",,"2355__operations_9__planning_8 0","7760__setting_12__form_15 0","7760__repetition_17__form_15 1","7760__deliberate_19__form_15 1","7760__contrived_21__form_15 1","7760__aesthetic_23__form_15 0",,"7721__carriers_7__charge_6 1",3,1,0,,
"3EHVO81VN4KYFHKO320FUN4LE2W1HQ","3A9AA95ATWMR30HPD4FYU6E9O1X5P1","E","Approved","Tue Jan 17 14:38:26 PST 2017","Wed Jan 18 13:54:43 PST 2017",,,271,"3413__balance_2__swinging_8 1","3413__idea_13__swinging_8 0","3413__swamp-dwelling_15__swinging_8 0","3413__giant_16__swinging_8 0","3413__terrestrial_20__swinging_8 0",,,"15320__ash_19__bloody_18 1","5954__house_2__lay_21 2","5954__wilderness_24__lay_21 0","5954__grass_28__lay_21 0","5954__bushes_31__lay_21 0","5954__trees_33__lay_21 0",,"338__matter_3__Curious_1 2","7614__function_9__satisfy_17 0","7614__form_12__satisfy_17 0","7614__[formula]_13__satisfy_17 0","7614__automatically_16__satisfy_17 0","7614__equation_20__satisfy_17 1",,"312__R'n'B_22__temple_20 3","7771__walls_37__blaze_41 2","7771__sunflowers_43__blaze_41 3","7771__windows_46__blaze_41 0","7771__Gothic_48__blaze_41 0","7771__coloured_52__blaze_41 0",,"2302__record_8__track_7 0","7697__Ip_24__refer_31 0","7697__subscripts_27__refer_31 1","7697__particles_36__refer_31 0","7697__respectively_37__refer_31 0",,,"338__children_26__-eyed_25 0",3,1,0,,
"3HUR21WDDTOSRDV6KVPABW3P9DNXYC","39LOEL67OS53JTV4D4PUTNLZLV683U","E","Approved","Tue Jan 17 14:33:21 PST 2017","Wed Jan 18 13:54:43 PST 2017",,,305,"6131__thorn_15__pad_20 0","6131__drove_16__pad_20 2","6131__fleshy_19__pad_20 2","6131__finger_23__pad_20 1",,,,"7755__life_13__schooled_15 3","7956__metaphorically_3__fist_7 0","7956__shaken_4__fist_7 0","7956__impotently_9__fist_7 0","7956__-field_15__fist_7 0",,,"309__level_8__oppressive_11 2","7688__particles_3__travel_5 1","7688__rarely_4__travel_5 0","7688__velocity_9__travel_5 0","7688__conclude_14__travel_5 0",,,"7684__owing_7__unstable_21 0","3321__typified_5__scars_10 0","3321__lozenge-shaped_8__scars_10 0","3321__leaf_9__scars_10 2","3321__arranged_11__scars_10 1",,,"3052__guru_9__broken_5 0","7683__magnetic_11__force_12 0","7683__negligible_14__force_12 0","7683__comparison_16__force_12 0","7683__electric_19__force_12 0",,,"2287__operations_15__planning_14 0",3,1,0,,
"3IH9TRB0FAYYBCV89KI0UZ50EFB1IJ","3MH9DQ757WC2B2E5BMXJ89SXMR3GUQ","E","Approved","Tue Jan 17 15:00:08 PST 2017","Wed Jan 18 13:54:43 PST 2017",,,305,"1825__slowing_13__provoke_24 0","1825__accelerating_18__provoke_24 0","1825__neutrons_20__provoke_24 0","1825__reactions_27__provoke_24 1",,,,"7786__survivor_13__power_10 0","281__PLAYING_1__plethora_10 0","281__WEEK_3__plethora_10 0","281__litigation_12__plethora_10 1","281__matches_18__plethora_10 0",,,"3267__efficient_26__flyers_23 1","3312__Fossil_2__belonging_6 0","3312__calcareous_3__belonging_6 0","3312__alga_4__belonging_6 0","3312__Coelosphaeridium_10__belonging_6 1",,,"7734__current_21__conductor_24 0","36__significant_5__gap_6 0","36__education_12__gap_6 1","36__proposals_15__gap_6 1","36__double_20__gap_6 0",,,"12619__crafty_2__cow_3 3","7698__Hence_1__force_4 0","7698__magnetic_3__force_4 1","7698__electron_7__force_4 0","7698__edge_10__force_4 0",,,"6018__happens_20__copes_16 0",3,1,0,,
"3ZFRE2BDQ8DSW35BGHRTP3CRF7RXZ3","3X4JMASXCM9Q4ZUEXTRLIRDTQP7B01","E","Approved","Tue Jan 17 14:55:59 PST 2017","Wed Jan 18 13:54:43 PST 2017",,,248,"3422__microscope_3__structure_7 0","3422__bone_6__structure_7 0","3422__dinosaurs_10__structure_7 0","3422__looks_11__structure_7 1",,,,"7692__effect_3__Pinch_2 0","7693__contrast_2__investigate_10 0","7693__beam_13__investigate_10 1","7693__electrons_23__investigate_10 0","7693__particles_27__investigate_10 0",,,"7691__example_8__brings_3 1","7900__moving_17__frame_21 0","7900__hard_20__frame_21 0","7900__cheekbones_23__frame_21 2","7900__brow_25__frame_21 2",,,"7717__carrying_19__current-_18 1","7676__[formula]_19__current_42 0","7676__total_41__current_42 0","7676__beam_45__current_42 0","7676__[formula]_47__current_42 0",,,"336__facing_8__sweet_22 0","7707__model_17__behaviour_24 0","7707__predict_21__behaviour_24 0","7707__detailed_23__behaviour_24 0","7707__particles_27__behaviour_24 1",,,"7634__deriving_11__law_14 1",3,1,0,,
"3T5ZXGO9DDN8N64ZU3W1VVGYI44ZQ8","3DIP6YHAPCS6TRB12O6QCEPWCKWE8R","E","Approved","Tue Jan 17 14:42:58 PST 2017","Wed Jan 18 13:54:43 PST 2017",,,232,"7614__equation_20__strength_25 0","7614__electric_23__strength_25 0","7614__field_24__strength_25 1","7614__[formula]_27__strength_25 0",,,,"7726__magnetic_14__field_15 1","7606__main_13__role_14 0","7606__played_16__role_14 1","7606__current_19__role_14 0","7606__charged_21__role_14 0",,,"7743__eqn_16__law_23 1","358__experience_3__source_12 1","358__teacher_8__source_12 0","358__rich_11__source_12 1","358__ideas_14__source_12 2",,,"7640__derived_6__law_5 1","7762__impasto_19__lines_27 0","7762__mass_23__lines_27 1","7762__feathered_26__lines_27 3","7762__blue-green_29__lines_27 0",,,"10637__lady_6__look_2 0","57__workers_7__reduce_14 0","57__emphasis_16__reduce_14 1","57__union_18__reduce_14 0","57__immunities_19__reduce_14 0",,,"7719__Flow_1__patterns_2 0",3,1,0,,
"3B623HUYJ3P5GQIPDHLTDBYV1JIS8L","3FIUS151DV2J6KDARH824UR6DJOGGQ","E","Approved","Tue Jan 17 14:29:11 PST 2017","Wed Jan 18 13:54:43 PST 2017",,,250,"39__add_2__position_17 0","39__education_5__position_17 0","39__improve_14__position_17 1","39__relative_16__position_17 0",,,,"7817__skin_11__flowing_10 3","269__controversy_5__rejection_10 0","269__executive_8__rejection_10 0","269__demands_12__rejection_10 1","269__reduced_22__rejection_10 0",,,"10564__little_4__line_8 0","273__act_9__obliged_11 2","273__rest_13__obliged_11 0","273__stage_25__obliged_11 0","273__evening_32__obliged_11 0",,,"6044__fold_11__wolf_8 2","381__information_2__revolution_4 1","381__technology_3__revolution_4 1","381__left_6__revolution_4 1","381__untouched_12__revolution_4 0",,,"7833__style_15__changed_13 1","212__departments_2__designed_13 1","212__quangos_4__designed_13 1","212__review_10__designed_13 0","212__act_15__designed_13 1",,,"7823__news_6__raw_3 3",3,1,0,,
"375VSR8FVV88Z7JZ7IL10LQ3EQ6ZR9","33CUSNVVNNCPKQ1APLKQK4TA1HY88M","E","Approved","Tue Jan 17 14:52:02 PST 2017","Wed Jan 18 13:54:43 PST 2017",,,235,"205__Conference_4__throws_8 0","205__review_7__throws_8 1","205__spanner_10__throws_8 1","205__machinery_14__throws_8 0",,,,"6006__cold_21__clarity_22 3","7962__responded_22__tones_27 1","7962__biologically_23__tones_27 0","7962__spiritually_25__tones_27 0","7962__donkey-brown_31__tones_27 1",,,"4__inefficient_37__headquarters_33 0","299__brief_25__foray_26 0","299__charts_29__foray_26 1","299__considerable_32__foray_26 0","299__embarrassment_33__foray_26 0",,,"3049__successful_36__model_37 0","7871__hair_4__shot_11 1","7871__thick_7__shot_11 0","7871__needles_14__shot_11 2","7871__glittering_16__shot_11 0",,,"7964__mind_43__light_40 3","2806__inspectorate_15__regulate_21 0","2806__established_19__regulate_21 0","2806__smell_23__regulate_21 1","2806__farm_25__regulate_21 0",,,"5954__mist_18__golden_17 3",3,1,0,,
"3MGHRFQY2KOKUNPVHJ032IGEZ62Y0I","3FPRZHYEPY71U5RHLX04L157WT73VU","E","Approved","Tue Jan 17 14:22:01 PST 2017","Wed Jan 18 13:54:43 PST 2017",,,186,"44__Employers_1__release_6 0","44__required_4__release_6 0","44__16-18-year-olds_7__release_6 0","44__days_16__release_6 0",,,,"7733__current_9__flows_10 1","6004__faint_19__swimming_20 1","6004__head_23__swimming_20 3","6004__tautening_26__swimming_20 0","6004__gut_29__swimming_20 0",,,"7710__field_27__weaker_26 1","396__meetings_5__holding_3 1","396__children_7__holding_3 0","396__people_17__holding_3 0","396__walks_20__holding_3 0",,,"2447__heard_6__strike_10 0","57__workers_7__rights_10 0","57__enjoyed_8__rights_10 1","57__positive_9__rights_10 1","57__law_12__rights_10 0",,,"7663__roughly_4__divided_5 1","2811__produce_33__mountains_36 1","2811__huge_34__mountains_36 0","2811__food_35__mountains_36 1","2811__refuse_41__mountains_36 0",,,"1432__change_37__feel_35 1",3,1,0,,
"HITId","AssignmentId","WorkerId","AssignmentStatus","AcceptTime","ApprovalTime","RejectionTime","RequesterFeedback","WorkTimeInSeconds","Answer.0metaphorNovelty0","Answer.0metaphorNovelty1","Answer.0metaphorNovelty2","Answer.0metaphorNovelty3","Answer.0metaphorNovelty4","Answer.0metaphorNovelty5","Answer.0metaphorNovelty6","Answer.1metaphorNovelty0","Answer.2metaphorNovelty0","Answer.2metaphorNovelty1","Answer.2metaphorNovelty2","Answer.2metaphorNovelty3","Answer.2metaphorNovelty4","Answer.2metaphorNovelty5","Answer.3metaphorNovelty0","Answer.4metaphorNovelty0","Answer.4metaphorNovelty1","Answer.4metaphorNovelty2","Answer.4metaphorNovelty3","Answer.4metaphorNovelty4","Answer.4metaphorNovelty5","Answer.5metaphorNovelty0","Answer.6metaphorNovelty0","Answer.6metaphorNovelty1","Answer.6metaphorNovelty2","Answer.6metaphorNovelty3","Answer.6metaphorNovelty4","Answer.6metaphorNovelty5","Answer.7metaphorNovelty0","Answer.8metaphorNovelty0","Answer.8metaphorNovelty1","Answer.8metaphorNovelty2","Answer.8metaphorNovelty3","Answer.8metaphorNovelty4","Answer.8metaphorNovelty5","Answer.9metaphorNovelty0","Answer.example1","Answer.example2","Answer.example3","Approve","Reject"
"3EGKVCRQFVRLEAS5FZXSMZCXQA0YB5","33LK57MYLT5MN6H6C9Q8EFQFCKCSZB","E","Approved","Tue Jan 17 16:27:12 PST 2017","Wed Jan 18 13:56:06 PST 2017",,,367,"6003__drink_63__laced_69 0","6003__ice-free_64__laced_69 0","6003__vodka_68__laced_69 2","6003__drops_72__laced_69 2",,,,"349__strength_2__highlighted_7 1","1127__drawing_18__look_20 0","1127__garden_26__look_20 0","1127__fields_30__look_20 0","1127__stretch_34__look_20 0",,,"3276__correct_29__answer_26 1","40__providing_21__courses_26 0","40__grants_22__courses_26 1","40__four-year_24__courses_26 0","40__training_25__courses_26 0",,,"3269__reached_14__answer_11 1","3251__setting_24__imposes_34 0","3251__climate_33__imposes_34 1","3251__restraints_36__imposes_34 0","3251__modes_39__imposes_34 0",,,"2803__forebears_16__medieval_15 0","3285__lens_12__interpret_16 0","3285__able_14__interpret_16 0","3285__light_17__interpret_16 1","3285__lens_29__interpret_16 0",,,"3270__life_19__habits_20 0",3,1,0,,
"3HXCEECSQLSHW8VLLDDV8HJ0HDMZYC","3QRYMNZ7FYHTLHG2YLK4TXFS4PINTE","E","Approved","Tue Jan 17 16:53:37 PST 2017","Wed Jan 18 13:56:07 PST 2017",,,287,"270__ROCK_2__rollers_9 0","270__Pint-sized_4__rollers_9 1","270__rock_5__rollers_9 0","270__ahead_26__rollers_9 0",,,,"2264__bastards_19__destroy_27 0","6003__sanctuary_30__reached_95 0","6003__destruction_40__reached_95 0","6003__cigarette_53__reached_95 0","6003__drink_63__reached_95 0",,,"269__rejection_10__reduced_22 0","3240__ideas_3__reconstructions_15 0","3240__founded_11__reconstructions_15 2","3240__coloured_14__reconstructions_15 3","3240__World_19__reconstructions_15 2",,,"3249__evidence_22__direct_21 1","7962__biologically_23__responded_22 2","7962__spiritually_25__responded_22 3","7962__tones_27__responded_22 2","7962__black_29__responded_22 0",,,"3054__system_17__irritation_16 1","423__runs_6__business_11 1","423__country_8__business_11 0","423__house_9__business_11 0","423__restoration_10__business_11 0",,,"10577__completely_32__lost_33 0",3,1,0,,
"3L55D8AUF9W4OFKBTZTNXJIF8V0YCC","3XCC1ODXDLB18ZG2AO7QXC9FLF8QRR","E","Approved","Tue Jan 17 16:49:20 PST 2017","Wed Jan 18 13:56:07 PST 2017",,,257,"7900__mass_4__melding_9 1","7900__sometimes_8__melding_9 0","7900__patches_13__melding_9 1","7900__hard_20__melding_9 0",,,,"7843__excess_15__dream_12 2","7681__Hence_1__force_4 0","7681__net_3__force_4 0","7681__electron_7__force_4 0","7681__[formula_9__force_4 1",,,"322__institution_30__venerable_27 2","7606__phenomena_9__played_16 0","7606__role_14__played_16 1","7606__current_19__played_16 2","7606__charged_21__played_16 0",,,"7610__discussed_25__Section_27 0","7763__painter_10__world_17 0","7763__obsession_12__world_17 0","7763__illuminated_15__world_17 2","7763__material_16__world_17 2",,,"5977__intuition_5__accurate_8 1","296__expect_11__doodlings_15 1","296__self_12__doodlings_15 0","296__-absorbed_13__doodlings_15 1","296__acoustic_14__doodlings_15 3",,,"7733__flows_10__current_9 1",3,1,0,,
"36BTXXLZ2U7SWAVAMPVB6PDUDV54R4","3G0WWMR1UVKGT1OAHHQ9OS45KIJQN3","E","Approved","Tue Jan 17 16:42:21 PST 2017","Wed Jan 18 13:56:06 PST 2017",,,216,"7740__electrical_19__resistance_20 1","7740__proportional_22__resistance_20 1","7740__resistivity_25__resistance_20 0","7740__proportional_34__resistance_20 1",,,,"379__setting_15__lagging_12 1","7920__family_7__flight_4 0","7920__ego_12__flight_4 2","7920__sense_16__flight_4 1","7920__identity_18__flight_4 0",,,"7614__strength_25__field_24 1","265__time_24__sell_26 0","265__package_29__sell_26 0","265__voters_31__sell_26 1","265__worrying_33__sell_26 0",,,"7617__choose_15__potential_17 1","10747__composers_20__lot_17 1","10747__artists_22__lot_17 1","10747__died_24__lot_17 1","10747__look_29__lot_17 0",,,"10702__penny_10__pretty_9 1","7933__branch_4__avalanche_13 0","7933__fall_11__avalanche_13 0","7933__green_16__avalanche_13 0","7933__needles_18__avalanche_13 3",,,"254__programme_25__radical_24 1",3,1,0,,
"356TQKY9XEWJXSYXPENIIK2ZE5778F","3QECW5O0KH1PVSAWULOIZGF6D4IT5U","E","Approved","Tue Jan 17 16:37:54 PST 2017","Wed Jan 18 13:56:06 PST 2017",,,266,"7769__Metaphor_1__source_20 0","7769__coiled_3__source_20 0","7769__sunflower_7__source_20 0","7769__light_22__source_20 1",,,,"1812__ship_15__waiting_16 1","7939__names_10__parallels_30 0","7939__cultural_29__parallels_30 2","7939__aspects_34__parallels_30 1","7939__brow_42__parallels_30 0",,,"275__house_5__half-way_4 1","256__compromise_15__inferior_25 0","256__election_20__inferior_25 0","256__morally_24__inferior_25 2","256__system_28__inferior_25 1",,,"7886__body_6__gold_5 0","10368__pay_20__rise_30 1","10368__pensioners_25__rise_30 1","10368__er_27__rise_30 0","10368__pound_29__rise_30 1",,,"213__changes_13__co-ordinated_21 1","1137__building_18__seen_22 1","1137__christenings_24__seen_22 0","1137__marriages_26__seen_22 0","1137__burials_28__seen_22 0",,,"383__change_13__setting_10 1",3,1,0,,
"3DGDV62G7N8XHJ085J8Y8FGHSZL2PE","3PS7W85Z8Z28WFC8XB1ZBWK8Z01T9L","E","Approved","Tue Jan 17 16:45:57 PST 2017","Wed Jan 18 13:56:06 PST 2017",,,202,"7932__tree_4__struck_10 0","7932__trunk_8__struck_10 0","7932__lightning_12__struck_10 1","7932__sawed-off_14__struck_10 0",,,,"5867__feelings_44__revived_41 2","73__elections_6__promoted_12 0","73__representatives_8__promoted_12 0","73__ideal_14__promoted_12 1","73__border-free_17__promoted_12 0",,,"60__reform_17__constitutional_16 1","359__couple_2__links_6 0","359__maintain_4__links_6 1","359__close_5__links_6 0","359__schools_9__links_6 1",,,"5955__glazed_20__shone_18 0","301__pub_26__circuit_28 1","301__rock_27__circuit_28 1","301__plays_29__circuit_28 1","301__host_30__circuit_28 0",,,"7711__particle_3__positive_2 1","7940__churchyard_3__tried_15 0","7940__parish_7__tried_15 0","7940__family_9__tried_15 0","7940__name_17__tried_15 1",,,"2488__headaches_5__blinding_4 2",3,1,0,,
"3QX22DUVONG0T71X1D0HTGJXKS2VMI","3IRIK4HM3AK4SF8ZDI3X2CT2LDTC6A","E","Approved","Tue Jan 17 16:33:23 PST 2017","Wed Jan 18 13:56:07 PST 2017",,,271,"33__booth_25__bring_30 0","33__simply_27__bring_30 0","33__themselves_31__bring_30 0","33__vote_33__bring_30 1",,,,"3420__legs_4__hunters_7 0","7900__mass_4__hard_20 0","7900__sometimes_8__hard_20 0","7900__melding_9__hard_20 0","7900__frame_21__hard_20 1",,,"7762__feathered_26__furiously_25 3","58__fledged_16__system_19 1","58__labour_17__system_19 0","58__court_18__system_19 0","58__remove_22__system_19 1",,,"237__functions_4__transfer_21 1","1140__windows_32__flooding_33 2","1140__octagon_35__flooding_33 1","1140__light_37__flooding_33 2","1140__fantasy_41__flooding_33 0",,,"435__communities_9__strengthening_7 1","1133__churches_8__commemorate_10 1","1133__wealth_12__commemorate_10 1","1133__fifteenth_18__commemorate_10 0","1133__centuries_21__commemorate_10 0",,,"1807__team_19__spooks_22 1",3,1,0,,
"3AQN9REUTEFET7QPTVOYHP0XTVCYDC","3K9FOBBF2HJ5248XPCID765BACWLN9","E","Approved","Tue Jan 17 17:01:51 PST 2017","Wed Jan 18 13:56:06 PST 2017",,,258,"7763__trouble_3__finding_4 1","7763__language_7__finding_4 1","7763__obsession_12__finding_4 0","7763__material_16__finding_4 0",,,,"10590__bloody_7__tips_8 1","7769__Metaphor_1__coiled_3 3","7769__lay_2__coiled_3 1","7769__sunflower_7__coiled_3 0","7769__source_20__coiled_3 0",,,"7666__heading_35__section_34 1","1153__windows_9__casting_10 3","1153__light_13__casting_10 1","1153__Chapel_17__casting_10 0",,,,"7639__[formula]_18__leading_16 1","1422__learned_6__links_8 0","1422__services_12__links_8 1","1422__paramilitaries_16__links_8 1",,,,"1448__framework_65__operating_62 1","3251__climate_33__restraints_36 0","3251__imposes_34__restraints_36 1","3251__modes_39__restraints_36 1",,,,"5873__process_12__underwent_8 0",3,1,0,,
"3JUDR1D0D5QIHV1N5WNN8K6RXV72Q5","3KOPY89HM82S3ARN48MLIDUD160J3P","E","Approved","Tue Jan 17 17:06:09 PST 2017","Wed Jan 18 13:56:07 PST 2017",,,219,"1137__book_3__tone_11 0","1137__sets_9__tone_11 1","1137__round_15__tone_11 0",,,,,"251__government_16__delivering_14 1","3385__localities_12__found_15 0","3385__trilobites_17__found_15 0","3385__occurs_37__found_15 0",,,,"3240__coloured_14__vividly_13 0","7643__current_21__reduces_26 0","7643__equation_25__reduces_26 1","7643__[formula]_28__reduces_26 1",,,,"208__plethora_58__Set_55 1","7721__charge_6__carriers_7 1","7721__moved_8__carriers_7 0","7721__velocities_11__carriers_7 0",,,,"3286__vision_9__field_7 1","7871__hair_4__glittering_16 0","7871__shot_11__glittering_16 0","7871__silver_17__glittering_16 1",,,,"7889__rimmed_53__bright_50 0",3,1,0,,
"302U8RURJY06BPMXDEFH6V8XPICVNI","3R6P78PK7KBNBPZGBH793D6V3DWTGC","E","Approved","Tue Jan 17 16:58:25 PST 2017","Wed Jan 18 13:56:06 PST 2017",,,206,"267__executive_2__recommending_4 0","267__rejection_5__recommending_4 1","267__unilateral_11__recommending_4 0",,,,,"315__policy_6__determined_4 2","7684__owing_7__forces_11 1","7684__repulsive_10__forces_11 1","7684__electrons_14__forces_11 0",,,,"7779__feels_48__youth_50 2","350__time-consuming_2__nature_3 0","350__combined_12__nature_3 1","350__means_34__nature_3 1",,,,"2803__attraction-_3__merchants_4 0","365__treated_2__getting_9 0","365__read_12__getting_9 1","365__books_22__getting_9 0",,,,"390__material_36__produced_42 1","3416__lizards_19__climates_28 0","3416__bask_22__climates_28 0","3416__temperate_27__climates_28 1",,,,"353__books_15__lot_11 1",3,1,0,,
"HITId","AssignmentId","WorkerId","AssignmentStatus","AcceptTime","ApprovalTime","RejectionTime","RequesterFeedback","WorkTimeInSeconds","Answer.0metaphorNovelty0","Answer.0metaphorNovelty1","Answer.0metaphorNovelty2","Answer.0metaphorNovelty3","Answer.0metaphorNovelty4","Answer.0metaphorNovelty5","Answer.0metaphorNovelty6","Answer.1metaphorNovelty0","Answer.2metaphorNovelty0","Answer.2metaphorNovelty1","Answer.2metaphorNovelty2","Answer.2metaphorNovelty3","Answer.2metaphorNovelty4","Answer.2metaphorNovelty5","Answer.3metaphorNovelty0","Answer.4metaphorNovelty0","Answer.4metaphorNovelty1","Answer.4metaphorNovelty2","Answer.4metaphorNovelty3","Answer.4metaphorNovelty4","Answer.4metaphorNovelty5","Answer.5metaphorNovelty0","Answer.6metaphorNovelty0","Answer.6metaphorNovelty1","Answer.6metaphorNovelty2","Answer.6metaphorNovelty3","Answer.6metaphorNovelty4","Answer.6metaphorNovelty5","Answer.7metaphorNovelty0","Answer.8metaphorNovelty0","Answer.8metaphorNovelty1","Answer.8metaphorNovelty2","Answer.8metaphorNovelty3","Answer.8metaphorNovelty4","Answer.8metaphorNovelty5","Answer.9metaphorNovelty0","Answer.example1","Answer.example2","Answer.example3","Approve","Reject"
"37NXA7GVSS5GNPJC11Z2T348KNFVLJ","3300DTYQT2HCZVBXOINQY5AW6QKEQ4","E","Approved","Tue Jan 17 20:50:52 PST 2017","Wed Jan 18 13:56:55 PST 2017",,,224,"7934__contrasts_11__considered_14 0","7934__nature_17__considered_14 0","7934__smile_26__considered_14 0",,,,,"308__view_13__sweaty_10 2","381__revolution_4__untouched_12 0","381__left_6__untouched_12 1","381__swaths_8__untouched_12 0",,,,"299__evening_20__appetising_19 1","1820__car_5__call_7 1","1820__morning_12__call_7 0","1820__occasion_16__call_7 0",,,,"7825__field_4__reminded_10 1","7716__structure_5__tries_6 1","7716__contract_8__tries_6 0","7716__pressure_17__tries_6 0",,,,"2307__colour_6__mass_4 2","1151__huge_9__sweeps_11 0","1151__grey_10__sweeps_11 0","1151__beach_14__sweeps_11 2",,,,"6127__drift_17__top_14 0",3,1,0,,
"375VSR8FVV88Z7JZ7IL10LQ3EQAZRD","34HJIJKLP5WMC1ALLB5NV6XDAT64VJ","E","Approved","Tue Jan 17 21:19:20 PST 2017","Wed Jan 18 13:56:55 PST 2017",,,161,"432__people_2__overcome_3 0","432__fears_5__overcome_3 1","432__acquire_17__overcome_3 0",,,,,"426__mid-Sixties_18__fell_11 0","49__practicalities_19__system_24 1","49__alternative_22__system_24 0","49__voting_23__system_24 0",,,,"3260__teeth_18__opposing_17 1","7899__settling_25__released_32 0","7899__pins_31__released_32 1","7899__grip_34__released_32 1",,,,"7960__Evening_4__sombre_7 2","330__parenthood_10__meeting_14 0","330__real_13__meeting_14 0","330__minds_19__meeting_14 2",,,,"250__undemocratic_39__power_40 1","415__seek_28__sector_33 0","415__funds_29__sector_33 0","415__private_32__sector_33 1",,,,"7673__density_19__charge_18 1",3,1,0,,
"3VI0PC2ZAXJGXZR4E8GC955NV3SXO5","3BEFOD78W6T3MEGC7J4W8AE0J0TM4J","E","Approved","Tue Jan 17 20:54:37 PST 2017","Wed Jan 18 13:56:55 PST 2017",,,196,"7683__negligible_14__approaches_27 0","7683__velocity_23__approaches_27 1","7683__velocity_29__approaches_27 1",,,,,"7995__silence_10__cool_9 3","58__system_19__remove_22 1","58__class_23__remove_22 1","58__differences_27__remove_22 1",,,,"3261__technique_2__hunt_5 0","7904__innocents_9__hunting_14 0","7904__treble_11__hunting_14 3","7904__descant_13__hunting_14 3",,,,"7614__satisfy_17__[formula]_13 0","7673__uniform_21__travel_30 0","7673__electrons_29__travel_30 1","7673__velocity_32__travel_30 1",,,,"405__unlikely_5__allies_6 0","7817__dazzled_7__skin_11 2","7817__flowing_10__skin_11 3","7817__colour_16__skin_11 0",,,,"7979__makes_2__wild_4 1",3,1,0,,
"371Q3BEXDG8K0MJCM7L6QVVZ0STZS1","34BBWHLWHABTZX95WACNB9QAMK8WIZ","E","Approved","Tue Jan 17 21:04:39 PST 2017","Wed Jan 18 13:56:54 PST 2017",,,198,"384__name_3__describes_14 1","384__evocation_8__describes_14 0","384__concept_16__describes_14 0",,,,,"362__job_5__killing_4 2","3426__theory_5__Protagonists_1 1","3426__horned_11__Protagonists_1 0","3426__Cretaceous_16__Protagonists_1 0",,,,"2199__tease_17__depression_25 0","7892__pears_21__read_19 2","7892__androgynous_23__read_19 0","7892__male_29__read_19 0",,,,"79__example_5__extension_8 0","1142__image_4__lost_10 0","1142__streets_15__lost_10 0","1142__market_19__lost_10 0",,,,"1415__scalp_18__crawl_19 2","253__Labour_1__acquiescing_4 1","253__outrage_9__acquiescing_4 0","253__continued_13__acquiescing_4 0",,,,"1830__hair_6__Apart_1 1",3,1,0,,
"38XPGNCKHSZKPHCRV90L7M2XY1L4V0","3GM6G9ZBKNXN3ZV2MK54GIQSZZAMTF","E","Approved","Tue Jan 17 21:01:29 PST 2017","Wed Jan 18 13:56:55 PST 2017",,,189,"3432__pros_2__subject_10 1","3432__cons_4__subject_10 1","3432__debate_14__subject_10 0",,,,,"7614__strength_25__[formula]_27 0","5884__manner_15__led_19 1","5884__daughter_21__led_19 0","5884__call_23__led_19 1",,,,"359__links_6__close_5 0","6100__looked_2__account_7 1","6100__newspaper_6__account_7 0","6100__inquest_11__account_7 0",,,,"12482__questions_3__addition_2 0","5895__bark_3__bite_12 1","5895__anyway_5__bite_12 0","5895__worse_9__bite_12 0",,,,"422__bringing_9__stake_5 0","7657__vector_2__potential_3 1","7657__popular_7__potential_3 1","7657__variable_8__potential_3 0",,,,"404__handling_15__capable_13 0",3,1,0,,
"3MJ9GGZYO25QUFU6G0Q1IKRMTDO2A1","3X73LLYYQ1E3G8P7YR3FFEC4TVPNH6","E","Approved","Tue Jan 17 21:07:57 PST 2017","Wed Jan 18 13:56:55 PST 2017",,,230,"205__review_7__spanner_10 0","205__throws_8__spanner_10 1","205__machinery_14__spanner_10 0",,,,,"7648__tell_5__hard_3 1","7624__A'_16__field_22 0","7624__magnetic_21__field_22 1","7624__[formula]_24__field_22 0",,,,"7688__electric_27__forces_28 1","3260__mammals_13__co-operate_19 0","3260__teeth_18__co-operate_19 2","3260__action_21__co-operate_19 0",,,,"66__people_40__homeless_39 0","205__review_7__machinery_14 0","205__throws_8__machinery_14 0","205__spanner_10__machinery_14 0",,,,"1423__serge_28__blue_27 0","45__complementary_8__goals_9 0","45__achieved_11__goals_9 0","45__reduce_31__goals_9 0",,,,"2429__forward_8__looking_7 0",3,1,0,,
"33W1NHWFYGKLFMWRB7QW00RL2B7ZTQ","3QAPZX2QN4DWGMUIE0YAHYAPWJX02R","E","Approved","Tue Jan 17 21:11:48 PST 2017","Wed Jan 18 13:56:54 PST 2017",,,240,"265__party_10__leaving_17 1","265__united_12__leaving_17 0","265__free_20__leaving_17 1",,,,,"6044__wolf_8__fold_11 2","7675__charge_9__[formula]_13 0","7675__unit_11__[formula]_13 0","7675__length_12__[formula]_13 0",,,,"7985__reason_26__wi'_25 1","268__conference_6__urging_4 1","268__oppose_8__urging_4 0","268__supported_12__urging_4 0",,,,"7811__shone_4__arrested_2 0","321__stains_2__change_10 0","321__survived_7__change_10 1","321__name_9__change_10 1",,,,"7814__pleasure_22__gradual_21 1","338__approval_21__world_29 1","338__children_26__world_29 0","338__book_28__world_29 1",,,,"6006__comes_3__light_5 1",3,1,0,,
"3NOEP8XAU31YIZ35T8TRY5AD58OXPM","3WZ36BJEV3GRK8R5VVFV22FYN06BTF","E","Approved","Tue Jan 17 20:46:42 PST 2017","Wed Jan 18 13:56:55 PST 2017",,,249,"7707__model_17__predict_21 1","7707__unable_19__predict_21 0","7707__behaviour_24__predict_21 0",,,,,"220__investment_22__determing_21 0","246__executive_22__decided_23 0","246__overwhelmingly_24__decided_23 1","246__oppose_26__decided_23 0",,,,"1831__fame_7__field_10 0","2199__trying_15__tease_17 0","2199__lethargy_23__tease_17 0","2199__depression_25__tease_17 0",,,,"2269__drinks_17__round_15 1","3423__rate_38__allow_45 1","3423__slow_42__allow_45 0","3423__sustain_48__allow_45 0",,,,"2209__impressed_11__contribution_14 0","2356__co-ordinating_5__plans_8 0","2356__regional_7__plans_8 0","2356__provide_10__plans_8 0",,,,"55__welcomed_9__move_6 1",3,1,0,,
"3T2EL38U0LJJIB4KTL8GYA0NA4AXQD","35LDD5557A4O0G5FSBRCFR3WGMJKM7","E","Approved","Tue Jan 17 20:57:53 PST 2017","Wed Jan 18 13:56:55 PST 2017",,,198,"373__invent_5__sitting_13 0","373__fire_16__sitting_13 0","373__cave_19__sitting_13 0",,,,,"7817__round_35__sliced_32 0","57__workers_7__enjoyed_8 0","57__rights_10__enjoyed_8 1","57__law_12__enjoyed_8 0",,,,"3046__error_20__fall_16 1","7956__fist_7__-field_15 0","7956__looming_13__-field_15 1","7956__energy_14__-field_15 1",,,,"7683__equation_8__seen_4 1","3325__little_6__scars_8 0","3325__horseshoe-shaped_7__scars_8 0","3325__cushions_11__scars_8 1",,,,"7603__Steady_1__currents_2 1","2201__fill_4__slipping_17 0","2201__time_15__slipping_17 2","2201__feet_20__slipping_17 0",,,,"12476__add_4__add_2 0",3,1,0,,
"3MQY1YVHS2JVDPZYMEQXDVBSBV92BW","354P56DE9K333WB0TEYPNVXG2R1S7L","E","Approved","Tue Jan 17 21:15:49 PST 2017","Wed Jan 18 13:56:55 PST 2017",,,210,"7899__slowly_24__settling_25 0","7899__collar_28__settling_25 1","7899__released_32__settling_25 0",,,,,"3386__token_4__barrier_24 0","43__inevitably_8__lead_9 0","43__employers_10__lead_9 0","43__bid_12__lead_9 1",,,,"7867__little_9__painter_12 0","265__party_10__free_20 0","265__leaving_17__free_20 1","265__time_24__free_20 1",,,,"9__property_2__blunt_6 0","340__argue_4__stand_16 0","340__Wind_11__stand_16 0","340__scrutiny_20__stand_16 1",,,,"74__article_8__appear_5 0","5873__process_12__subject_17 0","5873__reminded_21__subject_17 0","5873__mentioned_37__subject_17 0",,,,"3423__activity_51__continuous_50 1",3,1,0,,
"HITId","AssignmentId","WorkerId","AssignmentStatus","AcceptTime","ApprovalTime","RejectionTime","RequesterFeedback","WorkTimeInSeconds","Answer.0metaphorNovelty0","Answer.0metaphorNovelty1","Answer.0metaphorNovelty2","Answer.0metaphorNovelty3","Answer.0metaphorNovelty4","Answer.0metaphorNovelty5","Answer.0metaphorNovelty6","Answer.1metaphorNovelty0","Answer.2metaphorNovelty0","Answer.2metaphorNovelty1","Answer.2metaphorNovelty2","Answer.2metaphorNovelty3","Answer.2metaphorNovelty4","Answer.2metaphorNovelty5","Answer.3metaphorNovelty0","Answer.4metaphorNovelty0","Answer.4metaphorNovelty1","Answer.4metaphorNovelty2","Answer.4metaphorNovelty3","Answer.4metaphorNovelty4","Answer.4metaphorNovelty5","Answer.5metaphorNovelty0","Answer.6metaphorNovelty0","Answer.6metaphorNovelty1","Answer.6metaphorNovelty2","Answer.6metaphorNovelty3","Answer.6metaphorNovelty4","Answer.6metaphorNovelty5","Answer.7metaphorNovelty0","Answer.8metaphorNovelty0","Answer.8metaphorNovelty1","Answer.8metaphorNovelty2","Answer.8metaphorNovelty3","Answer.8metaphorNovelty4","Answer.8metaphorNovelty5","Answer.9metaphorNovelty0","Answer.example1","Answer.example2","Answer.example3","Approve","Reject"
"39O6Z4JLX1WBNJ01FK2Q4XZVRWYVXE","33OOO72IVHLAUDJB9VBQDMLG5LHCTY","E","Approved","Wed Jan 18 10:07:56 PST 2017","Wed Jan 18 13:57:55 PST 2017",,,175,"3389__trilobites_3__swimmers_9 1","3389__active_8__swimmers_9 0","3389__waters_13__swimmers_9 0",,,,,"10747__hell_36__lot_39 1","5910__sale_13__hung_19 2","5910__speak_17__hung_19 0","5910__fire_20__hung_19 3",,,,"21__corporations_22__breaking_16 1","7684__electrons_14__beam_19 0","7684__cylindrical_17__beam_19 0","7684__electron_18__beam_19 1",,,,"3296__eyes_33__modifications_30 0","3063__pounds_20__lost_23 0","3063__village_22__lost_23 1","3063__crop_25__lost_23 1",,,,"3429__dinosaur_10__close_9 0","239__quangos_6__merge_7 0","239__ones_9__merge_7 1","239__replace_12__merge_7 0",,,,"3242__changed_8__habits_10 1",3,1,0,,
"3L21G7IH46VK1CADD243GNZO4YLY1Y","3EICBYG644WGGAN6X1XMBGY77JQCJT","E","Approved","Wed Jan 18 10:02:33 PST 2017","Wed Jan 18 13:57:55 PST 2017",,,146,"57__workers_7__emphasis_16 0","57__reduce_14__emphasis_16 1","57__immunities_19__emphasis_16 1",,,,,"2402__power_5__drunk_6 2","7764__recorded_9__drama_14 0","7764__accessible_13__drama_14 2","7764__quarrels_20__drama_14 0",,,,"2407__set_6__wheels_2 1","41__reforms_2__achieve_5 1","41__objective_7__achieve_5 0","41__accompanied_9__achieve_5 0",,,,"2393__plan_14__corporate_13 1","7728__safely_4__field_8 0","7728__ignore_5__field_8 0","7728__magnetic_7__field_8 1",,,,"7678__edge_13__travelling_10 0","434__people_11__overcome_18 0","434__opportunity_16__overcome_18 1","434__handicap_21__overcome_18 0",,,,"208__alter_11__status_13 1",3,1,0,,
"36818Z1KV2CFFXQPK0461UWEZRX3AM","338JKRMM26ZWWPVIPNYAT8S4UO1HAR","E","Approved","Wed Jan 18 10:13:27 PST 2017","Wed Jan 18 13:57:55 PST 2017",,,447,"289__destined_12__stadia_16 1","289__bigger_15__stadia_16 0","289__life_18__stadia_16 3",,,,,"7906__impotent_14__feel_13 1","1818__hours_4__kept_2 1","1818__physics_9__kept_2 0","1818__spoke_12__kept_2 0",,,,"10677__people_7__lot_5 1","268__urging_4__oppose_8 0","268__conference_6__oppose_8 1","268__motion_10__oppose_8 1",,,,"10500__test_21__passed_19 1","7676__field_3__obtained_6 1","7676__eqn_12__obtained_6 0","7676__follows_18__obtained_6 0",,,,"7881__print_17__accompanying_16 1","325__Ripping_1__minefields_5 0","325__yarns_2__minefields_5 0","325__moral_4__minefields_5 3",,,,"7613__function_12__potential_11 0",3,1,0,,
"336OE47KI1JWYJVB5F642ELOIUSVWL","34S6N1K2ZVJDS8MMMEN02M8FO00HL9","E","Approved","Wed Jan 18 10:25:30 PST 2017","Wed Jan 18 13:57:55 PST 2017",,,166,"7958__Nuns_1__winged_10 0","7958__descended_4__winged_10 0","7958__caps_12__winged_10 2",,,,,"5876__jerk_12__pettish_11 2","238__agencies_7__bodies_16 0","238__quango-like_15__bodies_16 0","238__recommended_17__bodies_16 1",,,,"3258__similar_10__closely_9 1","7912__agreed_4__recall_10 0","7912__day_23__recall_10 0","7912__preacher_34__recall_10 0",,,,"5934__bit_9__nose_7 0","272__policy_40__complete_42 0","272__comes_41__complete_42 1","272__pint_46__complete_42 0",,,,"2399__rising_9__hackles_8 1","7606__role_14__current_19 0","7606__played_16__current_19 1","7606__particles_22__current_19 1",,,,"3376__deposits_9__illustrated_16 0",3,1,0,,
"33QQ60S6ARH3DE5Q7I3EZXA13I50U0","3EO896NRAWVX2RPHJNSC0QYBV5QJTJ","E","Approved","Wed Jan 18 10:05:00 PST 2017","Wed Jan 18 13:57:55 PST 2017",,,175,"5864__trying_7__jog_9 0","5864__revelations_12__jog_9 2","5864__failing_14__jog_9 0",,,,,"21__attractive_11__found_6 1","3365__pairs_9__wings_19 0","3365__joined_11__wings_19 0","3365__flat_17__wings_19 0",,,,"7640__derived_6__directly_7 0","5900__police_3__hunting_6 0","5900__begun_5__hunting_6 0","5900__owners_9__hunting_6 1",,,,"299__foray_26__brief_25 0","7618__obtain_26__form_29 0","7618__modified_28__form_29 0","7618__[formula]_30__form_29 1",,,,"7817__colour_16__delicate_15 3","2811__children_2__chief_25 0","2811__result_26__chief_25 1","2811__farming_30__chief_25 0",,,,"7842__sweaters_5__batwing_4 2",3,1,0,,
"37Y5RYYI0O4VVRJXLPXLTAFOSS4SX6","3S0TNUHWKTI11LX16TV66W7BC88D8A","E","Approved","Wed Jan 18 10:28:17 PST 2017","Wed Jan 18 13:57:55 PST 2017",,,163,"54__change_25__system_30 1","54__industrial_28__system_30 0","54__relations_29__system_30 0",,,,,"2205__violin_7__accompany_3 1","3259__teeth_10__habits_21 0","3259__indication_18__habits_21 0","3259__hunting_20__habits_21 1",,,,"2361__incredulity_8__faked_7 1","3288__trilobites_3__field_8 0","3288__lateral_7__field_8 0","3288__view_10__field_8 1",,,,"1146__lunch_28__course_27 0","367__books_5__lot_3 1","367__technically_10__lot_3 0","367__readable_11__lot_3 0",,,,"58__system_19__fledged_16 1","56__courts_25__handle_26 1","56__dispassionate_32__handle_26 0","56__labour_44__handle_26 0",,,,"289__stadia_16__bigger_15 0",3,1,0,,
"3PGQRAZX01JKVW97QLJNCOMXUYYSYC","3DL65MZB8DF85U1EJ0MVE0LF2BUCE8","E","Approved","Wed Jan 18 09:59:24 PST 2017","Wed Jan 18 13:57:55 PST 2017",,,189,"3427__idea_2__habits_6 0","3427__life_5__habits_6 1","3427__giants_10__habits_6 0",,,,,"6007__look_16__forward_17 0","7606__role_14__charged_21 0","7606__played_16__charged_21 0","7606__particles_22__charged_21 1",,,,"2810__producing_6__involve_5 1","7679__direction_18__field_21 1","7679__magnetic_20__field_21 1","7679__[formula_23__field_21 0",,,,"7900__patches_13__warmth_15 1","7675__yielding_15__component_19 1","7675__radial_18__component_19 0","7675__field_23__component_19 0",,,,"7984__regular_31__clockwork_33 2","7953__specialist_7__blows_10 0","7953__wild_9__blows_10 1","7953__chance_12__blows_10 2",,,,"420__private_4__sector_5 1",3,1,0,,
"3Z8UJEJOCYC1AEGKSUQ65ZLUT9F397","39JEC7537U1P75N0EQB5E49126XCVE","E","Approved","Wed Jan 18 10:10:52 PST 2017","Wed Jan 18 13:57:55 PST 2017",,,155,"2441__help_2__plants_5 1","2441__British_4__plants_5 0","2441__regime_9__plants_5 0",,,,,"10763__people_8__lot_6 1","415__regime_7__makes_24 1","415__reluctance_14__makes_24 1","415__central_16__makes_24 0",,,,"23__figures_24__added_20 1","7693__investigate_10__beam_13 0","7693__cylindrical_12__beam_13 0","7693__consisting_14__beam_13 0",,,,"3055__system_20__slip_25 0","5907__son_9__considered_12 0","5907__naturally_10__considered_12 1","5907__residing_14__considered_12 0",,,,"15225__sod_3__little_2 0","7710__field_27__makes_29 1","7710__field_31__makes_29 1","7710__weaker_33__makes_29 1",,,,"3362__Cretaceous_13__upper_12 1",3,1,0,,
"37MQ8Z1JQDVRQXS9W64HL69TW4ZY2F","33JKGHPFYCUP8MQIPOJS7JK0AHZMNP","E","Approved","Wed Jan 18 10:20:55 PST 2017","Wed Jan 18 13:57:55 PST 2017",,,132,"214__consequences_7__contemplate_4 0","214__Labour_9__contemplate_4 0","214__rebuilding_18__contemplate_4 0",,,,,"28__bid_22__mounting_20 1","246__executive_22__oppose_26 0","246__decided_23__oppose_26 0","246__motion_30__oppose_26 1",,,,"6036__total_5__retrieval_6 0","272__policy_40__comes_41 1","272__complete_42__comes_41 1","272__decent_45__comes_41 0",,,,"1421__police_8__bluffing_9 0","3403__life_3__habits_4 1","3403__giants_7__habits_4 0","3403__looked_10__habits_4 1",,,,"2356__plans_8__co-ordinating_5 1","7636__magnetic_31__strength_33 0","7636__field_32__strength_33 1","7636__[formula]_35__strength_33 1",,,,"7685__term_4__technical_3 1",3,1,0,,
"371Q3BEXDG8K0MJCM7L6QVVZ0S2SZ3","36V4Q8R5ZK0ABJ3A5GB9BDF5FSMMQC","E","Approved","Wed Jan 18 10:23:08 PST 2017","Wed Jan 18 13:57:55 PST 2017",,,142,"249__constitution_13__allows_15 1","249__minority_17__allows_15 0","249__capture_19__allows_15 0",,,,,"7719__patterns_2__Flow_1 1","3052__charity_18__raises_25 1","3052__money_26__raises_25 1","3052__matrons_31__raises_25 0",,,,"253__continued_13__arguing_14 0","247__sought_21__force_23 0","247__programme_25__force_23 1","247__nation_29__force_23 0",,,,"6021__rally_2__stand_5 0","3414__habits_8__aspects_3 1","3414__strongly_12__aspects_3 0","3414__debated_13__aspects_3 1",,,,"6104__shadow_11__omen_8 1","6007__reputation_8__look_16 1","6007__forward_17__look_16 0","6007__liberty_23__look_16 1",,,,"3396__Puzzles_1__remain_2 1",3,1,0,,
"HITId","AssignmentId","WorkerId","AssignmentStatus","AcceptTime","ApprovalTime","RejectionTime","RequesterFeedback","WorkTimeInSeconds","Answer.0metaphorNovelty0","Answer.0metaphorNovelty1","Answer.0metaphorNovelty2","Answer.0metaphorNovelty3","Answer.0metaphorNovelty4","Answer.0metaphorNovelty5","Answer.0metaphorNovelty6","Answer.1metaphorNovelty0","Answer.2metaphorNovelty0","Answer.2metaphorNovelty1","Answer.2metaphorNovelty2","Answer.2metaphorNovelty3","Answer.2metaphorNovelty4","Answer.2metaphorNovelty5","Answer.3metaphorNovelty0","Answer.4metaphorNovelty0","Answer.4metaphorNovelty1","Answer.4metaphorNovelty2","Answer.4metaphorNovelty3","Answer.4metaphorNovelty4","Answer.4metaphorNovelty5","Answer.5metaphorNovelty0","Answer.6metaphorNovelty0","Answer.6metaphorNovelty1","Answer.6metaphorNovelty2","Answer.6metaphorNovelty3","Answer.6metaphorNovelty4","Answer.6metaphorNovelty5","Answer.7metaphorNovelty0","Answer.8metaphorNovelty0","Answer.8metaphorNovelty1","Answer.8metaphorNovelty2","Answer.8metaphorNovelty3","Answer.8metaphorNovelty4","Answer.8metaphorNovelty5","Answer.9metaphorNovelty0","Answer.example1","Answer.example2","Answer.example3","Approve","Reject"
"3PUV2Q8SV33IGZXEJ3AE9E2W8M7BDN","3TOK3KHVJTIO54J7MXHG3QNF529O7V","E","Approved","Wed Jan 18 11:20:31 PST 2017","Wed Jan 18 13:58:45 PST 2017",,,127,"7928__left_8__stretch_10 0","7928__soil_18__stretch_10 0","7928__covered_24__stretch_10 1",,,,,"2479__package_12__attractive_10 1","2816__producing_13__regular_15 0","2816__crop_16__regular_15 1","2816__mushrooms_18__regular_15 0",,,,"12629__sod_3__little_2 0","229__policing_8__leave_3 1","229__policy_11__leave_3 1","229__law_15__leave_3 1",,,,"1818__hours_4__regular_3 1","7636__write_18__form_26 0","7636__modified_25__form_26 0","7636__[formula]_27__form_26 1",,,,"221__policy_8__mention_4 1","5939__time_7__shivering_18 0","5939__pines_15__shivering_18 3","5939__wind_21__shivering_18 0",,,,"7654__vector_11__components_8 1",3,1,0,,
"3ACRLU860MDN85BEFYLYFWKH8Y8BEG","3PEIJLRY6TTQPSY0VWCOEJDPAXNXWB","E","Approved","Wed Jan 18 11:25:48 PST 2017","Wed Jan 18 13:58:45 PST 2017",,,168,"1138__exceptionally_4__rich_5 0","1138__churches_7__rich_5 1","1138__cathedrals_9__rich_5 1",,,,,"7825__versions_21__faded_18 1","2268__talking_5__saga_14 0","2268__never-ending_12__saga_14 1","2268__management-union_13__saga_14 0",,,,"3372__finely_14__toothed_15 1","7904__voices_2__slaughter_6 0","7904__played_3__slaughter_6 2","7904__innocents_9__slaughter_6 1",,,,"2436__agreed_14__drive_4 0","311__name_10__salubrious_21 0","311__sounds_11__salubrious_21 0","311__Chinese_22__salubrious_21 0",,,,"6091__sound_20__set_16 1","7679__magnetic_2__force_3 1","7679__perpendicular_5__force_3 1","7679__direction_9__force_3 0",,,,"7814__pleasure_22__apprehending_24 1",3,1,0,,
"3S8APUMBJWIFEJBAA954XE5HKZNBFY","3IJXV6UZ1XJOR1SJXG2HOAITU54IRT","E","Approved","Wed Jan 18 11:07:39 PST 2017","Wed Jan 18 13:58:45 PST 2017",,,153,"396__holding_3__walks_20 0","396__people_17__walks_20 0","396__life_22__walks_20 1",,,,,"2419__built_3__plants_4 0","1119__due_9__market_16 1","1119__commuters_12__market_16 0","1119__second-homes_15__market_16 0",,,,"6037__feeling_7__slight_6 1","211__causing_8__aim_6 1","211__explicitly_11__aim_6 0","211__declared_12__aim_6 0",,,,"7674__electrons_47__forces_43 0","6108__father_6__advances_12 0","6108__talking_8__advances_12 0","6108__immense_11__advances_12 1",,,,"219__set_12__headed_18 0","210__department_3__escapes_6 1","210__explicitly_5__escapes_6 0","210__unscathed_7__escapes_6 0",,,,"1116__air_18__pervades_20 1",3,1,0,,
"3HO4MYYR11NYRPR597JV8YKSGLR6U7","3R8YZBNQ9HIRQGWN1A9KSVIFK3RQ75","E","Approved","Wed Jan 18 11:04:54 PST 2017","Wed Jan 18 13:58:45 PST 2017",,,165,"434__distance_24__centres_27 0","434__learning_29__centres_27 1","434__development_31__centres_27 1",,,,,"7703__diameter_4__beam_7 0","259__dangers_17__giving_19 0","259__power_20__giving_19 1","259__elites_22__giving_19 0",,,,"2318__friends_4__gained_5 1","1446__programme_6__shine_10 1","1446__light_11__shine_10 0","1446__corners_14__shine_10 0",,,,"2365__complex_8__handled_11 0","272__policy_40__decent_45 0","272__comes_41__decent_45 0","272__pint_46__decent_45 1",,,,"436__onset_15__revolution_18 1","7940__family_9__buried_25 1","7940__month_36__buried_25 0","7940__interspersed_38__buried_25 0",,,,"7939__brow_42__heavy_41 2",3,1,0,,
"3QMELQS6Y4A6BXZO5DOQ3NX89MN6R3","3J4Q2Z4UTY36GVXO9IHWKBHWDU0QW7","E","Approved","Wed Jan 18 11:22:38 PST 2017","Wed Jan 18 13:58:45 PST 2017",,,189,"5961__None_1__allowed_4 1","5961__eyes_6__allowed_4 1","5961__pine_11__allowed_4 0",,,,,"14999__bit_4__reckon_9 0","3265__nature_4__designs_8 0","3265__manufactures_6__designs_8 1","3265__efficient_7__designs_8 1",,,,"33__vote_33__power_36 1","320__policy_3__diminishing_22 0","320__leads_19__diminishing_22 1","320__atmosphere_25__diminishing_22 1",,,,"7603__currents_2__Steady_1 1","7728__ignore_5__determining_10 0","7728__lines_12__determining_10 1","7728__current_14__determining_10 0",,,,"234__problematic_2__plan_7 1","5938__Coincidentally_1__broke_10 0","5938__community_5__broke_10 1","5938__lives_8__broke_10 1",,,,"5896__chagrin_22__helpless_21 2",3,1,0,,
"3MDKGGG61PMJRCCG92TL32YQX7K6TG","33LK57MYLT5MN6H6C9Q8EFQFCKPSZO","E","Approved","Wed Jan 18 11:13:18 PST 2017","Wed Jan 18 13:58:45 PST 2017",,,148,"7762__stared_2__feathered_26 0","7762__furiously_25__feathered_26 3","7762__lines_27__feathered_26 3",,,,,"1130__orange_14__deep_13 1","1137__book_3__sets_9 1","1137__tone_11__sets_9 1","1137__round_15__sets_9 0",,,,"7957__shadows_9__housing_13 0","3408__functioned_21__allow_23 0","3408__animal_25__allow_23 0","3408__browse_27__allow_23 0",,,,"318__atmosphere_4__whelping_11 0","7669__talked_5__charges_10 0","7669__positive_7__charges_10 1","7669__negative_9__charges_10 1",,,,"7737__field_3__[formula_6 1","7933__branch_4__dark_15 0","7933__fall_11__dark_15 0","7933__green_16__dark_15 1",,,,"3249__sediments_2__preserved_6 1",3,1,0,,
"3QI9WAYOGPAICCZ1K2OVTX24VO66SR","3FPRZHYEPY71U5RHLX04L157WTKV3Z","E","Approved","Wed Jan 18 11:28:37 PST 2017","Wed Jan 18 13:58:45 PST 2017",,,191,"3256__method_2__attempts_3 1","3256__compare_5__attempts_3 0","3256__feature_15__attempts_3 0",,,,,"15087__comes_12__round_13 1","56__law_36__based_34 1","56__precedent_38__based_34 1","56__expertise_41__based_34 1",,,,"7966__shining_6__light_5 0","1448__battle_35__break_44 0","1448__grip_46__break_44 1","1448__Square_52__break_44 0",,,,"420__network_33__bankroll_30 2","3245__sediments_2__shown_14 0","3245__reveal_4__shown_14 0","3245__Chapter_16__shown_14 0",,,,"7815__dream_8__suggest_2 0","2390__direct_6__link_7 0","2390__managers_13__link_7 1","2390__country_16__link_7 0",,,,"0__bid_18__leading_13 1",3,1,0,,
"3S37Y8CWI7ZX46CWLJ5HTOLB5AW4WJ","3X0H8UUIT1OITBC11M61FBWXVILSWY","E","Approved","Wed Jan 18 11:10:12 PST 2017","Wed Jan 18 13:58:45 PST 2017",,,186,"7920__flight_4__sense_16 1","7920__uncertain_15__sense_16 1","7920__identity_18__sense_16 1",,,,,"2425__collect_5__hat_7 0","7676__[formula]_19__component_51 0","7676__azimuthal_50__component_51 0","7676__field_55__component_51 0",,,,"7763__world_17__illuminated_15 1","3240__ideas_3__founded_11 1","3240__reconstructions_15__founded_11 1","3240__Period_23__founded_11 0",,,,"6137__illusion_10__scenario_9 1","249__allows_15__capture_19 0","249__minority_17__capture_19 0","249__power_20__capture_19 1",,,,"7697__particles_36__positive_35 1","10654__tha_2__lots_4 0","10654__people_6__lots_4 1","10654__pressure_11__lots_4 0",,,,"66__hundreds_26__visitors_28 0",3,1,0,,
"3YLPJ8OXX7CCT6HMVO13V7ZIEC24XC","3I3WADAZ9Q49I05OY42J569JEWEO5G","E","Approved","Wed Jan 18 11:18:00 PST 2017","Wed Jan 18 13:58:45 PST 2017",,,151,"7934__considered_14__smile_26 0","7934__pale_25__smile_26 3","7934__rose_30__smile_26 3",,,,,"6126__film_33__frightening_32 1","7947__story_5__pieced_3 1","7947__radio_9__pieced_3 0","7947__wounds_14__pieced_3 0",,,,"410__prizes_29__branches_33 1","414__money_9__bit_16 0","414__available_12__bit_16 0","414__persuasion_18__bit_16 1",,,,"5910__hung_19__fire_20 3","7871__hair_4__needles_14 0","7871__shot_11__needles_14 2","7871__silver_17__needles_14 3",,,,"10590__tips_8__bloody_7 1","2811__children_2__cake_10 0","2811__eat_8__cake_10 0","2811__cow_9__cake_10 1",,,,"10283__love_8__past_5 0",3,1,0,,
"33W1NHWFYGKLFMWRB7QW00RL2BGZTZ","39ASUFLU6X7W8SC9AWIISD6P3TIXEV","E","Approved","Wed Jan 18 11:15:47 PST 2017","Wed Jan 18 13:58:45 PST 2017",,,133,"3270__functional_10__design_11 0","3270__analogue_24__design_11 0","3270__consistent_30__design_11 0",,,,,"6006__papers_28__tells_26 1","3414__aspects_3__habits_8 1","3414__dinosaur_6__habits_8 1","3414__living_7__habits_8 0",,,,"45__education_43__narrow_42 2","7664__idea_18__significance_22 0","7664__relative_21__significance_22 0","7664__fields_27__significance_22 1",,,,"3294__musculature_11__operated_13 1","7642__using_22__form_25 1","7642__integral_24__form_25 1","7642__obtained_29__form_25 0",,,,"15565__calling_2__bastard_5 0","213__review_4__considers_6 1","213__effect_9__considers_6 0","213__individual_12__considers_6 0",,,,"222__override_6__antagonise_20 0",3,1,0,,
"HITId","AssignmentId","WorkerId","AssignmentStatus","AcceptTime","ApprovalTime","RejectionTime","RequesterFeedback","WorkTimeInSeconds","Answer.0metaphorNovelty0","Answer.0metaphorNovelty1","Answer.0metaphorNovelty2","Answer.0metaphorNovelty3","Answer.0metaphorNovelty4","Answer.0metaphorNovelty5","Answer.0metaphorNovelty6","Answer.1metaphorNovelty0","Answer.2metaphorNovelty0","Answer.2metaphorNovelty1","Answer.2metaphorNovelty2","Answer.2metaphorNovelty3","Answer.2metaphorNovelty4","Answer.2metaphorNovelty5","Answer.3metaphorNovelty0","Answer.4metaphorNovelty0","Answer.4metaphorNovelty1","Answer.4metaphorNovelty2","Answer.4metaphorNovelty3","Answer.4metaphorNovelty4","Answer.4metaphorNovelty5","Answer.5metaphorNovelty0","Answer.6metaphorNovelty0","Answer.6metaphorNovelty1","Answer.6metaphorNovelty2","Answer.6metaphorNovelty3","Answer.6metaphorNovelty4","Answer.6metaphorNovelty5","Answer.7metaphorNovelty0","Answer.8metaphorNovelty0","Answer.8metaphorNovelty1","Answer.8metaphorNovelty2","Answer.8metaphorNovelty3","Answer.8metaphorNovelty4","Answer.8metaphorNovelty5","Answer.9metaphorNovelty0","Answer.example1","Answer.example2","Answer.example3","Approve","Reject"
"38DCH97KHG1INRZVCHTF71S8Z65JQL","340UGXU9DY1LTZ400HW58AV7964VU7","E","Approved","Wed Jan 18 11:58:14 PST 2017","Wed Jan 18 13:59:48 PST 2017",,,183,"7958__descended_4__cool_6 0","7958__stair_8__cool_6 1","7958__caps_12__cool_6 0",,,,,"1116__air_18__preserve_15 1","7635__changed_23__[formula]_25 0","7635__vector_31__[formula]_25 0","7635__vector_50__[formula]_25 0",,,,"224__remit_2__wide_8 1","415__regime_7__central_16 0","415__government_17__central_16 1","415__makes_24__central_16 0",,,,"7751__round_14__gold_12 0","5944__sheet_2__shower_14 0","5944__hard_11__shower_14 2","5944__gusty_13__shower_14 0",,,,"7694__directions_17__opposite_16 0","417__typically_9__response_12 0","417__British_10__response_12 1","417__bureaucratic_11__response_12 1",,,,"422__equipment_13__sophisticated_12 1",3,1,0,,
"39WSF6KUV1K7RZ0NJ3QKLGKGFXREON","3I0BTBYZAXLMH7NP7L55Q2BUBY30YJ","E","Approved","Wed Jan 18 11:55:02 PST 2017","Wed Jan 18 13:59:49 PST 2017",,,192,"3405__legs_9__pillar-_7 2","3405__resembling_11__pillar-_7 0","3405__animal_21__pillar-_7 0",,,,,"3300__limestone_8__preserved_10 1","3297__looking_27__relatives_35 0","3297__compared_31__relatives_35 0","3297__bottom-dwelling_34__relatives_35 0",,,,"10751__hell_5__lot_8 1","3059__devoted_3__worship_7 0","3059__instead_4__worship_7 0","3059__Rytasha_11__worship_7 1",,,,"7733__drop_15__potential_14 1","7644__direction_15__convention_21 0","7644__usual_19__convention_21 0","7644__right-hand_20__convention_21 0",,,,"7734__current_21__lines_19 1","3059__insists_24__hangover_29 0","3059__unfortunate_28__hangover_29 1","3059__days_34__hangover_29 0",,,,"7636__strength_33__[formula]_35 1",3,1,0,,
"3VO4XFFP14LP3WYTB84I4BNZ8B57Q2","3KJYX6QCM9BCFJT6OISR18MWSQ6VJB","E","Approved","Wed Jan 18 11:43:40 PST 2017","Wed Jan 18 13:59:49 PST 2017",,,229,"7956__metaphorically_3__shaken_4 2","7956__fist_7__shaken_4 1","7956__energy_14__shaken_4 0",,,,,"3297__analogy_2__found_4 1","2810__excrement_14__assist_19 0","2810__collected_17__assist_19 0","2810__growth_21__assist_19 1",,,,"7649__usually_14__remains_15 0","7891__breasts_25__flowers_29 0","7891__dense_28__flowers_29 1","7891__hair_31__flowers_29 2",,,,"32__majority_14__hold_21 0","7613__analogue_8__function_12 0","7613__potential_11__function_12 0","7613__proved_14__function_12 1",,,,"3384__kinds_19__found_14 0","2364__fall_20__game_25 0","2364__bloody_23__game_25 1","2364__empire-building_24__game_25 0",,,,"12429__total_3__Share_1 1",3,1,0,,
"32ZCLEW0BYJXNFYGC4EQ7W2YUAJJPU","3E1QT0TDFP9I9WDNY7WHXTNO4DH8I8","E","Approved","Wed Jan 18 12:08:10 PST 2017","Wed Jan 18 13:59:48 PST 2017",,,182,"268__supported_12__commit_21 0","268__government_24__commit_21 1","268__abolishing_26__commit_21 0",,,,,"1423__jackboot_24__hint_21 1","415__regime_7__reluctance_14 0","415__government_17__reluctance_14 1","415__makes_24__reluctance_14 1",,,,"7636__form_26__[formula]_27 1","7__launched_5__faced_11 0","7__criticism_13__faced_11 1","7__commentators_16__faced_11 0",,,,"14658__straight_31__cut_30 0","226__able_4__require_7 0","226__department_10__require_7 1","226__review_12__require_7 0",,,,"7830__survivor_28__battered_25 1","7685__Using_1__term_4 1","7685__technical_3__term_4 1","7685__borrowed_5__term_4 1",,,,"2425__collect_5__coat_9 0",3,1,0,,
"3MD8CKRQZYMIZSEVPWIFCR2DVS7JRM","358010RM5ETDA3YV5M7SSHUB3OLVXZ","E","Approved","Wed Jan 18 12:05:20 PST 2017","Wed Jan 18 13:59:49 PST 2017",,,169,"1826__chair_4__held_2 1","1826__physics_6__held_2 0","1826__publishing_12__held_2 0",,,,,"7647__equations_31__attack_27 1","218__policy_2__challenge_7 1","218__sought_5__challenge_7 0","218__dominance_11__challenge_7 1",,,,"7956__-field_15__looming_13 1","3386__expected_10__token_4 0","3386__oceans_20__token_4 0","3386__barrier_24__token_4 0",,,,"1432__change_29__dramatically_30 1","6003__cigarette_53__butt_57 0","6003__glowing_56__butt_57 1","6003__predecessor_60__butt_57 0",,,,"42__clause_2__activated_7 1","7687__magnitudes_7__forces_12 1","7687__electric_9__forces_12 1","7687__magnetic_11__forces_12 1",,,,"7755__late_10__habit_7 0",3,1,0,,
"3T2HW4QDUU6PNEC3LN17Y2POZMSC9E","3R3YRB5GRF311B12PM59CNHUOW3UA5","E","Approved","Wed Jan 18 12:01:17 PST 2017","Wed Jan 18 13:59:49 PST 2017",,,242,"7675__symmetry_5__charge_9 0","7675__net_8__charge_9 0","7675__[formula]_13__charge_9 0",,,,,"1151__skate_25__goggle-eyed_24 2","373__sitting_13__fire_16 0","373__round_14__fire_16 1","373__cave_19__fire_16 0",,,,"2225__stand_26__prepared_24 0","1131__walls_3__led_29 0","1131__round_32__led_29 0","1131__gravestones_38__led_29 0",,,,"384__name_3__clever_2 1","7640__law_5__derived_6 1","7640__directly_7__derived_6 0","7640__equations_11__derived_6 0",,,,"7743__eqn_16__refer_14 0","6063__conversation_2__subject_7 0","6063__exclusively_4__subject_7 0","6063__discovery_10__subject_7 0",,,,"1122__months_16__advance_18 1",3,1,0,,
"3126F2F5F72PCZCOY33ZAGP6P2NEP4","31UV0MXWNQCZMEUL09PEL9DX2NG5I3","E","Approved","Wed Jan 18 11:49:43 PST 2017","Wed Jan 18 13:59:48 PST 2017",,,160,"420__provide_13__priming_15 0","420__pump_14__priming_15 0","420__telecottages_18__priming_15 1",,,,,"7899__Chapel_15__golden_18 0","2508__time_3__reached_5 0","2508__evening_8__reached_5 0","2508__excruciating_16__reached_5 0",,,,"2438__investment_5__plant_4 1","3432__cons_4__pros_2 0","3432__theory_7__pros_2 1","3432__subject_10__pros_2 0",,,,"10428__live_5__stroke_8 0","311__name_10__ingredients_14 0","311__sounds_11__ingredients_14 1","311__takeaway_17__ingredients_14 0",,,,"7696__cancel_11__currents_2 1","431__abstract_2__talk_3 1","431__commuting_5__talk_3 0","431__rail_7__talk_3 0",,,,"7749__pigment_60__sang_58 3",3,1,0,,
"3NQUW096N57IQI69Y0U61LFBTV69LR","3BDCF01OGXUZE3CBWEROOM3IEWDYLP","E","Approved","Wed Jan 18 11:47:29 PST 2017","Wed Jan 18 13:59:49 PST 2017",,,134,"1107__concept_5__spread_7 1","1107__cities_10__spread_7 0","1107__decade_14__spread_7 0",,,,,"3316__forms_2__Related_1 1","5920__snippet_2__inch_12 0","5920__measured_9__inch_12 0","5920__depth_14__inch_12 1",,,,"270__rollers_9__Pint-sized_4 0","3417__climates_9__extended_12 0","3417__greatly_11__extended_12 1","3417__winters_13__extended_12 1",,,,"2178__looked_18__grey_19 1","255__process_21__ground_28 0","255__placate_25__ground_28 2","255__centre_27__ground_28 1",,,,"414__available_12__central_24 0","7675__component_19__field_23 0","7675__electric_22__field_23 1","7675__[formula]_24__field_23 0",,,,"7682__formula_22__force_25 1",3,1,0,,
"37G6BXQPLPKACBD3YGIOALFGUY9EQV","3L4PIM1GQTGAH17O1YOKAYCHKO2YRF","E","Approved","Wed Jan 18 11:52:24 PST 2017","Wed Jan 18 13:59:48 PST 2017",,,158,"6055__fear_4__communicated_8 1","6055__anger_6__communicated_8 1","6055__father_12__communicated_8 0",,,,,"67__evenings_67__drawing_69 1","7696__represent_14__charges_16 1","7696__opposite_15__charges_16 0","7696__remember_22__charges_16 0",,,,"3325__bark_2__covered_4 0","2236__Gorgeous_1__overlooking_3 0","2236__location_2__overlooking_3 1","2236__bay_6__overlooking_3 0",,,,"7937__aiming_22__straight_23 0","7830__thinking_17__survivor_28 0","7830__battered_25__survivor_28 0","7830__grizzled_27__survivor_28 1",,,,"3314__stand_5__rods_8 0","2329__hand_3__approach_11 0","2329__over-_9__approach_11 0","2329__friendly_10__approach_11 1",,,,"1827__degrees_5__awarded_3 0",3,1,0,,
"39O0SQZVJM6PFXDTONTI91X44X77R3","3X1FV8S5JXR2OH35GC7O4VUG0YPVG7","E","Approved","Wed Jan 18 11:41:03 PST 2017","Wed Jan 18 13:59:49 PST 2017",,,156,"3316__forms_2__spread_4 1","3316__Ordovician_11__spread_4 0","3316__Silurian_13__spread_4 0",,,,,"2342__knowledge_8__inside_7 1","7__bid_3__launched_5 1","7__week_7__launched_5 0","7__faced_11__launched_5 0",,,,"5908__agent_40__hands_36 0","2287__reorganise_12__operations_15 1","2287__world-wide_13__operations_15 0","2287__planning_14__operations_15 0",,,,"5927__stole_10__rubbish_11 0","1116__preserve_15__air_18 1","1116__timeless_17__air_18 2","1116__pervades_20__air_18 1",,,,"261__parties_12__centre_11 1","7676__component_51__field_55 0","7676__magnetic_54__field_55 1","7676__system_60__field_55 1",,,,"414__economies_7__mixed_6 1",3,1,0,,
"HITId","AssignmentId","WorkerId","AssignmentStatus","AcceptTime","ApprovalTime","RejectionTime","RequesterFeedback","WorkTimeInSeconds","Answer.0metaphorNovelty0","Answer.0metaphorNovelty1","Answer.0metaphorNovelty2","Answer.0metaphorNovelty3","Answer.0metaphorNovelty4","Answer.0metaphorNovelty5","Answer.0metaphorNovelty6","Answer.1metaphorNovelty0","Answer.2metaphorNovelty0","Answer.2metaphorNovelty1","Answer.2metaphorNovelty2","Answer.2metaphorNovelty3","Answer.2metaphorNovelty4","Answer.2metaphorNovelty5","Answer.3metaphorNovelty0","Answer.4metaphorNovelty0","Answer.4metaphorNovelty1","Answer.4metaphorNovelty2","Answer.4metaphorNovelty3","Answer.4metaphorNovelty4","Answer.4metaphorNovelty5","Answer.5metaphorNovelty0","Answer.6metaphorNovelty0","Answer.6metaphorNovelty1","Answer.6metaphorNovelty2","Answer.6metaphorNovelty3","Answer.6metaphorNovelty4","Answer.6metaphorNovelty5","Answer.7metaphorNovelty0","Answer.8metaphorNovelty0","Answer.8metaphorNovelty1","Answer.8metaphorNovelty2","Answer.8metaphorNovelty3","Answer.8metaphorNovelty4","Answer.8metaphorNovelty5","Answer.9metaphorNovelty0","Answer.example1","Answer.example2","Answer.example3","Approve","Reject"
"31D0ZWOD09YJY5RS1DMNZWY7WFEA0Z","3RANCT1ZVFH6KL6UV0557Y106EPBUI","E","Approved","Wed Jan 18 13:36:55 PST 2017","Wed Jan 18 14:00:47 PST 2017",,,167,"336__accused_5__breaks_37 0","336__book_28__breaks_37 1","336__mould_39__breaks_37 0",,,,,"15320__telly_5__bloody_4 1","57__reduce_14__immunities_19 0","57__emphasis_16__immunities_19 0","57__union_18__immunities_19 1",,,,"7612__alternative_10__introduce_6 0","3319__occurring_13__seams_17 0","3319__productive_15__seams_17 1","3319__coal_16__seams_17 1",,,,"62__-abode_7__fixed_6 1","59__prevent_14__see-sawing_17 0","59__absurd_16__see-sawing_17 1","59__legislation_21__see-sawing_17 3",,,,"2391__dynamite_11__playing_8 0","390__publicity_35__material_36 1","390__craftsmen_39__material_36 0","390__produced_42__material_36 0",,,,"7661__serve_12__formulae_9 1",3,1,0,,
"3X878VYTIDHSC78KXSTOSCJL19XF7H","3Z2R0DQ0JHEV7C9CM7XP2NCTQKIE22","E","Approved","Wed Jan 18 13:18:55 PST 2017","Wed Jan 18 14:00:48 PST 2017",,,128,"7621__usually_4__assign_5 0","7621__value_8__assign_5 1","7621__divergence_11__assign_5 0",,,,,"67__exploited_53__situation_51 1","7690__kinds_12__cancels_20 0","7690__effect_18__cancels_20 1","7690__usually_19__cancels_20 0",,,,"7635__cross-section_43__[formula]_37 0","7673__consider_7__section_4 0","7673__electron_10__section_4 0","7673__beam_11__section_4 0",,,,"420__priming_15__pump_14 1","254__argument_6__build_10 0","254__PR_8__build_10 1","254__pull_13__build_10 0",,,,"2264__business_15__expand_13 1","3251__character_2__diagnoses_21 0","3251__setting_9__diagnoses_21 0","3251__setting_24__diagnoses_21 1",,,,"15005__town_6__pop_4 1",3,1,0,,
"3W31J70BARV94AVUPKSWOB34AG5CK9","37ZHEEHM6WMZJFQL3ZXOFNP4ABE73K","E","Approved","Wed Jan 18 13:29:37 PST 2017","Wed Jan 18 14:00:48 PST 2017",,,155,"7694__kinds_7__densities_12 0","7694__particles_9__densities_12 0","7694__equal_11__densities_12 0",,,,,"7__commentators_16__counts_20 0","7660__leads_24__formulae_27 1","7660__nice_26__formulae_27 1","7660__defined_38__formulae_27 0",,,,"3426__rhinoceroses_21__furious_19 1","7664__significance_22__fields_27 0","7664__electric_24__fields_27 1","7664__magnetic_26__fields_27 1",,,,"2390__calling_20__shots_22 1","373__sitting_13__cave_19 0","373__round_14__cave_19 0","373__fire_16__cave_19 0",,,,"413__telecottage_11__takes_6 0","3431__birds_15__closely_20 0","3431__dinosaurs_17__closely_20 0","3431__related_21__closely_20 1",,,,"3433__reading_40__makes_36 0",3,1,0,,
"37VE3DA4YTGZSF2G5ZT40ZHU0E1HB3","308XBLVESI4E4TEDR6A02NEGZFLBRE","E","Approved","Wed Jan 18 13:25:26 PST 2017","Wed Jan 18 14:00:47 PST 2017",,,145,"332__children_20__win_19 1","332__ripping_23__win_19 0","332__sense_28__win_19 0",,,,,"6108__advances_12__immense_11 1","207__government_4__considers_21 0","207__barely_20__considers_21 1","207__implications_23__considers_21 0",,,,"7647__equation_12__law_24 0","3274__time_10__occupying_14 0","3274__probably_13__occupying_14 0","3274__niches_17__occupying_14 0",,,,"2320__discussed_6__lightly_7 1","6034__programmes_14__lost_18 0","6034__disc_24__lost_18 0","6034__whence_26__lost_18 0",,,,"350__nature_3__combined_12 1","7945__compensation_8__brought_3 0","7945__children_12__brought_3 0","7945__own_18__brought_3 0",,,,"6052__savagery_10__cold_9 3",3,1,0,,
"3L1EFR8WWS4WQQWDCPR868ARWZLF9T","3DL65MZB8DF85U1EJ0MVE0LF2BVECB","E","Approved","Wed Jan 18 13:34:16 PST 2017","Wed Jan 18 14:00:47 PST 2017",,,158,"5895__anyway_5__bark_3 0","5895__worse_9__bark_3 0","5895__bite_12__bark_3 1",,,,,"1812__pack_8__bags_10 0","279__Cheerfully_1__bending_2 2","279__ears_3__bending_2 3","279__week_5__bending_2 0",,,,"7869__kissed_2__reflecting_6 0","434__people_11__handicap_21 0","434__overcome_18__handicap_21 1","434__worst_20__handicap_21 0",,,,"224__initiate_23__ability_21 0","7656__engineers_47__lose_50 0","7656__sleep_52__lose_50 1","7656__banned_59__lose_50 0",,,,"7647__equation_12__law_20 0","2321__asleep_3__fell_2 1","2321__hours_7__fell_2 0","2321__holding_12__fell_2 0",,,,"3360__outline_6__elegant_5 2",3,1,0,,
"3I7SHAD35LVYIH01JFX1N23UYA97MG","3BEFOD78W6T3MEGC7J4W8AE0J054MD","E","Approved","Wed Jan 18 13:22:47 PST 2017","Wed Jan 18 14:00:47 PST 2017",,,159,"7696__currents_2__cancel_11 1","7696__hand_7__cancel_11 0","7696__represent_14__cancel_11 0",,,,,"3255__reconstruction_5__proceed_2 0","22__partly_7__atmosphere_13 0","22__responsible_8__atmosphere_13 1","22__casino_12__atmosphere_13 2",,,,"3403__habits_4__giants_7 1","3285__light_17__coming_18 1","3285__direction_21__coming_18 0","3285__surface_30__coming_18 0",,,,"7735__configuration_10__simple_8 0","7710__deflected_23__field_27 0","7710__weaker_26__field_27 1","7710__makes_29__field_27 1",,,,"3247__spot_7__intruders_9 1","3066__teach_27__form_31 1","3066__spurious_30__form_31 0","3066__religion_35__form_31 1",,,,"7698__particle_28__positive_27 1",3,1,0,,
"3ZUE82NE090WCLD37XLU6CFGCT3F84","31QNSG6A5RTLKCWRFGSK64XFQX678C","E","Approved","Wed Jan 18 13:32:12 PST 2017","Wed Jan 18 14:00:48 PST 2017",,,124,"3399__animals_3__attracted_6 1","3399__obviously_5__attracted_6 0","3399__attention_8__attracted_6 1",,,,,"294__path_12__beat_10 1","7682__[formula_9__derived_13 0","7682__Section_15__derived_13 0",,,,,"10302__shop_13__admitted_21 0","7644__sense_3__path_7 1","7644__integration_6__path_7 1",,,,,"7643__line_32__integration_33 0","7697__magnetic_2__strength_4 0","7697__field_3__strength_4 1",,,,,"5892__blast_25__short_24 1","2197__rapidly_3__coming_4 0","2197__conclusion_7__coming_4 1",,,,,"14670__sale_9__reduce_5 0",3,1,0,,
"3SCKNODZ0WF40ZL1VGC10HSU30J7NG","3BWI6RSP7G92TD6ISJEKYET1104E7I","E","Approved","Wed Jan 18 13:27:51 PST 2017","Wed Jan 18 14:00:48 PST 2017",,,105,"6134__light_3__bathed_4 2","6134__brick_7__bathed_4 1",,,,,,"10539__er_5__passed_3 0","6003__euphoria_86__peak_89 0","6003__joy_91__peak_89 2",,,,,"10747__lot_39__hell_36 1","3265__nature_4__manufactures_6 2","3265__designs_8__manufactures_6 1",,,,,"2274__becoming_3__hard_5 1","6085__meant_7__looking_10 0","6085__house_13__looking_10 0",,,,,"6027__able_5__assembled_9 0","7607__variables_3__functions_6 0","7607__space_8__functions_6 1",,,,,"3243__evidence_5__lines_3 1",3,1,0,,
"37OPIVELUT2U95XOZLT85OXOIWGHA8","3VNXK88KKCIN97GX261ECE8TWLV9VV","E","Approved","Wed Jan 18 13:39:43 PST 2017","Wed Jan 18 14:00:47 PST 2017",,,131,"6037__cold_12__feeling_23 0","6037__hungry_25__feeling_23 1",,,,,,"6007__practice_5__lose_3 1","7847__serious_5__parody_8 1","7847__uniform_7__parody_8 2",,,,,"7675__component_19__yielding_15 0","3296__arthropods_25__look_22 0","3296__oceans_42__look_22 0",,,,,"7722__density_13__current_12 0","278__ripe_28__handles_31 2","278__imaginative_30__handles_31 1",,,,,"7663__divided_5__roughly_4 1","1129__hands_3__changed_2 1","1129__recently_4__changed_2 0",,,,,"22__rejects_2__charges_3 1",3,1,0,,
"37M4O367VIHJVDMIVMI4PIPY74E5MZ","3GU1KF0O4I1TSGYYEE6BXSE1YXXBPM","E","Approved","Wed Jan 18 13:21:04 PST 2017","Wed Jan 18 14:00:47 PST 2017",,,103,"7660__rewritten_44__follows_52 0","7660__[formula]_54__follows_52 0",,,,,,"393__network_3__expands_4 1","3390__life_13__habits_14 0","3390__trilobites_17__habits_14 1",,,,,"1815__invitation_5__dodged_2 1","1430__permanently_5__damaged_6 0","1430__surface_9__damaged_6 0",,,,,"7649__Experience_1__helps_5 1","12519__yeah_1__divisions_3 0","12519__okay_5__divisions_3 0",,,,,"400__advanced_3__plan_6 1","3251__rocks_5__character_2 1","3251__diagnoses_21__character_2 1",,,,,"40__transform_4__situation_6 1",3,1,0,,
"HITId","AssignmentId","WorkerId","AssignmentStatus","AcceptTime","ApprovalTime","RejectionTime","RequesterFeedback","WorkTimeInSeconds","Answer.0metaphorNovelty0","Answer.0metaphorNovelty1","Answer.0metaphorNovelty2","Answer.0metaphorNovelty3","Answer.0metaphorNovelty4","Answer.0metaphorNovelty5","Answer.0metaphorNovelty6","Answer.1metaphorNovelty0","Answer.2metaphorNovelty0","Answer.2metaphorNovelty1","Answer.2metaphorNovelty2","Answer.2metaphorNovelty3","Answer.2metaphorNovelty4","Answer.2metaphorNovelty5","Answer.3metaphorNovelty0","Answer.4metaphorNovelty0","Answer.4metaphorNovelty1","Answer.4metaphorNovelty2","Answer.4metaphorNovelty3","Answer.4metaphorNovelty4","Answer.4metaphorNovelty5","Answer.5metaphorNovelty0","Answer.6metaphorNovelty0","Answer.6metaphorNovelty1","Answer.6metaphorNovelty2","Answer.6metaphorNovelty3","Answer.6metaphorNovelty4","Answer.6metaphorNovelty5","Answer.7metaphorNovelty0","Answer.8metaphorNovelty0","Answer.8metaphorNovelty1","Answer.8metaphorNovelty2","Answer.8metaphorNovelty3","Answer.8metaphorNovelty4","Answer.8metaphorNovelty5","Answer.9metaphorNovelty0","Answer.example1","Answer.example2","Answer.example3","Approve","Reject"
"32L724R85KJ1S4EAUMTQVVNYHVWPIQ","384PI804XS1PLLBG8FDG8GNTUD7S0X","E","Approved","Wed Jan 18 15:23:33 PST 2017","Wed Jan 18 15:54:49 PST 2017",,,158,"7751__path_8__simmering_10 3","7751__round_14__simmering_10 0",,,,,,"7644__sense_3__positive_2 1","7706__beam_5__possess_12 1","7706__symmetry_15__possess_12 1",,,,,"2203__sad_3__sack_4 3","7674__belongs_18__subject_21 1","7674__electronics_24__subject_21 0",,,,,"2504__organisation_9__top_6 1","7866__black_15__fur_16 0","7866__extravagant_19__fur_16 1",,,,,"7669__talked_5__charges_14 0","317__view_38__ensuring_36 0","317__virtually_40__ensuring_36 0",,,,,"3406__toes_18__tend_27 0",3,1,0,,
"3O71U79SRAOK1FKT7IVCITZQLONMSJ","3C5W7UE9CFQUKG4MRU615LBYCVAXML","E","Approved","Wed Jan 18 15:37:28 PST 2017","Wed Jan 18 15:54:49 PST 2017",,,165,"7741__hardly_20__worth_21 0","7741__trouble_23__worth_21 1",,,,,,"2260__division_7__finish_2 1","3267__bodies_8__accord_10 1","3267__functions_14__accord_10 0",,,,,"376__principled_5__pair_6 1","431__commuting_5__replaced_11 0","431__technology_14__replaced_11 1",,,,,"249__decrepit_10__smash_8 0","215__form_10__centrepiece_12 0","215__policy_17__centrepiece_12 1",,,,,"282__glasses_38__dark_37 0","7734__lines_19__current_21 1","7734__conductor_24__current_21 0",,,,,"1815__minds_29__teach_31 2",3,1,0,,
"3909MD9T2YGDLMNUK07UYMB2NW2FE4","3UJ1CZ6IZHPOGSXH5LJSPBJKBLIS5I","E","Approved","Wed Jan 18 15:33:14 PST 2017","Wed Jan 18 15:54:49 PST 2017",,,253,"12562__lines_7__shared_5 1","12562__int_8__shared_5 0",,,,,,"7665__concerned_4__Sections_1 1","8__charges_4__regards_2 1","8__unfounded_6__regards_2 0",,,,,"6034__disc_24__limbo_23 3","7665__magnetostatics_6__assumed_12 0","7665__fields_10__assumed_12 0",,,,,"5914__occasions_24__separate_23 1","7660__formulae_27__leads_24 1","7660__magnetic_32__leads_24 0",,,,,"7797__attention_11__scanning_10 3","1436__cut_34__conscience_39 2","1436__collective_38__conscience_39 1",,,,,"7788__eternal_2__youth_3 1",3,1,0,,
"385MDVINFBEN7OVHOQSLZQAUN7OJWR","3XM0HYN6NKZRZJAIO581Y0KM1UAPE0","E","Approved","Wed Jan 18 15:40:13 PST 2017","Wed Jan 18 15:54:49 PST 2017",,,173,"3414__aspects_3__strongly_12 0","3414__debated_13__strongly_12 1",,,,,,"14943__sound_5__leave_3 1","7709__constricted_31__leading_35 0","7709__instability_40__leading_35 1",,,,,"255__ground_28__centre_27 0","254__pull_13__ground_17 0","254__centre_16__ground_17 0",,,,,"7766__idea_31__undone_28 0","5892__short_24__blast_25 1","5892__tin_28__blast_25 0",,,,,"3426__rhinoceroses_21__reptilian_20 0","281__litigation_12__surrounding_13 1","281__lookalikes_16__surrounding_13 0",,,,,"2178__headaches_3__blinding_2 1",3,1,0,,
"3DZKABX2ZH4NKLP6OO63QKELQEDCVW","3AZHRG4CU4KL14Q1I0CF08FH2X903E","E","Approved","Wed Jan 18 15:26:14 PST 2017","Wed Jan 18 15:54:49 PST 2017",,,139,"12473__erm_19__add_21 0","12473__add_23__add_21 0",,,,,,"7669__distributed_17__charge_18 1","435__actually_14__reverse_17 0","435__beginning_15__reverse_17 0",,,,,"2196__youth_17__-spent_16 1","216__equal_17__status_22 0","216__superior_21__status_22 0",,,,,"12565__cos_3__shared_7 0","7676__system_60__specified_61 0","7676__[formula_63__specified_61 1",,,,,"1137__moving_6__deeply_5 1","261__power_6__giving_4 1","261__improve_15__giving_4 0",,,,,"296__doodlings_15__-absorbed_13 1",3,1,0,,
"3X52SWXE0W40ZAPBEYBZCMXZXNFCW6","3BF51CHDTVA0VCX0XL1H42GRL2R0HL","E","Approved","Wed Jan 18 15:43:07 PST 2017","Wed Jan 18 15:54:50 PST 2017",,,175,"1445__sort_2__system_4 0","1445__justice_6__system_4 1",,,,,,"7676__obtained_6__follows_18 0","7731__lines_40__flow_43 1","7731__current_42__flow_43 0",,,,,"5954__bushes_31__straggling_30 2","7673__charge_18__density_19 1","7673__uniform_21__density_19 0",,,,,"259__giving_19__power_20 1","3433__argument_5__lot_2 1","3433__equivalence_15__lot_2 0",,,,,"40__A-_12__levels_13 0","3252__tundra_18__inhabitants_15 0","3252__latitudes_21__inhabitants_15 0",,,,,"1422__suspicion_24__deep_23 1",3,1,0,,
"32ZCLEW0BYJXNFYGC4EQ7W2YUALPJ2","3AZHRG4CU4KL14Q1I0CF08FH2X930H","E","Approved","Wed Jan 18 15:30:58 PST 2017","Wed Jan 18 15:54:49 PST 2017",,,135,"5904__gone_13__restrained_22 0","5904__diplomatically_21__restrained_22 1",,,,,,"5873__process_12__shrinking_11 0","45__goals_9__reduce_31 0","45__inequalities_35__reduce_31 1",,,,,"7614__function_9__scalar_8 0","7728__lines_12__flow_15 1","7728__current_14__flow_15 0",,,,,"6006__clarity_22__cold_21 3","7690__magnetic_25__field_26 1","7690__chance_29__field_26 1",,,,,"7669__charges_10__positive_7 1","6114__Women_1__change_4 0","6114__names_6__change_4 1",,,,,"7965__daily_11__pabulum_17 0",3,1,0,,
"3DIIW4IV8OUF3BSRW212SXC3QZ0I4S","324G5B4FB3832NROKCF5DPRX7ZV07J","E","Approved","Wed Jan 18 15:28:33 PST 2017","Wed Jan 18 15:54:49 PST 2017",,,144,"6085__time_24__concocted_25 0","6085__tale_27__concocted_25 2",,,,,,"7899__released_32__grip_34 1","7812__haystacks_17__veil_21 0","7812__enveloping_20__veil_21 1",,,,,"6126__bad_14__dream_19 0","7683__comparison_16__force_20 0","7683__electric_19__force_20 1",,,,,"7891__flowers_29__hair_31 2","10__profits_7__regard_5 1","10__earnings_9__regard_5 0",,,,,"7612__alternative_10__formulations_11 0","3052__charity_18__distributes_36 1","3052__people_41__distributes_36 0",,,,,"7709__constricted_31__beam_27 1",3,1,0,,
"3EN4YVUOUBR2WO07YVO719O1W9UJXK","31N2WW6R9RQCY85RLIV03F2L8ZY3FL","E","Approved","Wed Jan 18 15:46:03 PST 2017","Wed Jan 18 15:54:49 PST 2017",,,166,"6126__stepping_24__set_27 0","6126__film_33__set_27 0",,,,,,"10716__int_9__quick_8 0","395__impact_2__immediate_25 1","395__president_9__immediate_25 0",,,,,"12442__add_1__add_3 0","7660__follows_52__[formula]_54 0","7660__curve_59__[formula]_54 0",,,,,"40__transform_4__hopes_2 0","7637__moment_8__sort_10 0","7637__coordinates_13__sort_10 1",,,,,"6021__stand_5__rally_2 0","58__balance_7__power_9 1","58__society_11__power_9 0",,,,,"7985__women_38__soft_35 1",3,1,0,,
"3RWSQDNYL8L5R0NQFBR0G4W2ZXHFFM","3I02618YA068OF74E5N62I6PNI4PUH","E","Approved","Wed Jan 18 15:48:49 PST 2017","Wed Jan 18 15:54:50 PST 2017",,,181,"7771__cathedrals_49__blazed_50 0","7771__light_53__blazed_50 2",,,,,,"10302__shop_13__bloody_12 1","7660__defined_38__[formula]_40 0","7660__rewritten_44__[formula]_40 0",,,,,"2379__retirement_5__taking_3 1","3270__probably_6__answers_4 0","3270__obtained_7__answers_4 1",,,,,"12484__equations_14__addition_13 0","7812__quoted_6__enveloping_20 0","7812__veil_21__enveloping_20 1",,,,,"3433__reading_40__layman_43 0","357__paraphernalia_23__world_29 1","357__infant_26__world_29 0",,,,,"7644__path_7__integration_6 1",3,1,0,,
"HITId","AssignmentId","WorkerId","AssignmentStatus","AcceptTime","ApprovalTime","RejectionTime","RequesterFeedback","WorkTimeInSeconds","Answer.0metaphorNovelty0","Answer.0metaphorNovelty1","Answer.0metaphorNovelty2","Answer.0metaphorNovelty3","Answer.0metaphorNovelty4","Answer.0metaphorNovelty5","Answer.0metaphorNovelty6","Answer.1metaphorNovelty0","Answer.2metaphorNovelty0","Answer.2metaphorNovelty1","Answer.2metaphorNovelty2","Answer.2metaphorNovelty3","Answer.2metaphorNovelty4","Answer.2metaphorNovelty5","Answer.3metaphorNovelty0","Answer.4metaphorNovelty0","Answer.4metaphorNovelty1","Answer.4metaphorNovelty2","Answer.4metaphorNovelty3","Answer.4metaphorNovelty4","Answer.4metaphorNovelty5","Answer.5metaphorNovelty0","Answer.6metaphorNovelty0","Answer.6metaphorNovelty1","Answer.6metaphorNovelty2","Answer.6metaphorNovelty3","Answer.6metaphorNovelty4","Answer.6metaphorNovelty5","Answer.7metaphorNovelty0","Answer.8metaphorNovelty0","Answer.8metaphorNovelty1","Answer.8metaphorNovelty2","Answer.8metaphorNovelty3","Answer.8metaphorNovelty4","Answer.8metaphorNovelty5","Answer.9metaphorNovelty0","Answer.example1","Answer.example2","Answer.example3","Approve","Reject"
"307FVKVSYQEIERBVDBX518MUCK247Y","39KFRKBFINV7KOF8967GG37C91YYOM","E","Approved","Thu Jan 19 11:20:42 PST 2017","Thu Jan 19 13:05:58 PST 2017",,,203,"81__fear_6__recipe_4 3","81__anxiety_8__recipe_4 3",,,,,,"12562__shared_5__lines_7 1","353__started_50__coat-hanger_53 0","353__hang_55__coat-hanger_53 0",,,,,"7644__convention_21__right-hand_20 1","3239__fragments_23__reanimating_20 2","3239__build_25__reanimating_20 0",,,,,"227__departments_3__born_5 1","2316__progress_5__ladder_9 0","2316__company_8__ladder_9 1",,,,,"7699__inwards_6__force_4 0","265__sell_26__package_29 0","265__policy_28__package_29 1",,,,,"1822__carried_22__master_29 0",3,1,0,,
"3QO7EE372NMC581JOPGY9D9VR2BBQ9","39GHHAVOMFRDL6AR4MR4SIMJF6QJ44","E","Approved","Thu Jan 19 11:42:09 PST 2017","Thu Jan 19 13:05:58 PST 2017",,,157,"7643__integral_14__current_21 0","7643__reduces_26__current_21 0",,,,,,"2359__nervousness_20__increasing_19 1","6046__shock_11__spirit_6 0","6046__told_16__spirit_6 0",,,,,"1432__time_5__cheated_7 1","2342__knowledge_8__deal_10 0","2342__questions_12__deal_10 1",,,,,"7830__survivor_28__grizzled_27 1","342__interpretation_8__bring_5 1","342__story_11__bring_5 0",,,,,"7968__speak_14__wavelength_18 0","7638__magnetic_33__field_34 1","7638__set_36__field_34 0",,,,,"3433__reading_40__dry_39 1",3,1,0,,
"3P6ENY9P78V9FNGMB9LLMML7V5ZIHT","3P529IW9KYLTECVGROZ0Z1W28L4FLQ","E","Approved","Thu Jan 19 11:26:49 PST 2017","Thu Jan 19 13:05:58 PST 2017",,,150,"6009__medicine_20__branch_18 1","6009__surgeon_24__branch_18 0",,,,,,"7614__satisfy_17__automatically_16 0","3404__Consider_1__structure_3 0","3404__legs_6__structure_3 1",,,,,"5921__question_4__answered_2 0","3340__nodule_9__preserved_12 1","3340__leaflets_14__preserved_12 0",,,,,"7780__character_12__fantastic_11 0","240__funding_2__body_12 0","240__responsibility_9__body_12 1",,,,,"275__half-way_4__house_5 2","7682__relationship_8__[formula_9 1","7682__derived_13__[formula_9 0",,,,,"7634__law_14__deriving_11 1",3,1,0,,
"3UEBBGULPENUAIKGA0MZ24X59L9FU0","3M1CVSFP60599IUL8DL42MK5LBEAQX","E","Approved","Thu Jan 19 11:35:56 PST 2017","Thu Jan 19 13:05:59 PST 2017",,,140,"5953__gust_3__dashed_6 2","5953__bricks_10__dashed_6 0",,,,,,"7847__parody_8__serious_5 2","7660__terms_46__potential_50 1","7660__vector_49__potential_50 1",,,,,"2817__unsightly_5__masts_2 0","14999__luck_7__bit_4 1","14999__reckon_9__bit_4 0",,,,,"12548__similar_7__line_8 0","5__canteen_22__modest_20 1","5__office_27__modest_20 0",,,,,"7758__refused_25__fit_27 0","7639__operates_4__curl_3 1","7639__coordinates_7__curl_3 0",,,,,"2__error_20__fatal_19 1",3,1,0,,
"32K26U12DMNXPDVKOK1EAQW3BF2DVC","3N1FSUEFL500IKAZUQ5TPKR6AMT4DB","E","Approved","Thu Jan 19 11:24:06 PST 2017","Thu Jan 19 13:05:58 PST 2017",,,162,"8__regards_2__charges_4 1","8__unfounded_6__charges_4 0",,,,,,"227__self_26__shadow_22 1","5886__deep_20__recesses_21 0","5886__minds_25__recesses_21 2",,,,,"2350__track_7__inside_6 0","10387__associate_15__strokes_16 0","10387__people_19__strokes_16 0",,,,,"7676__current_42__[formula]_47 0","3407__feet_9__avoid_14 1","3407__becoming_15__avoid_14 0",,,,,"6020__shock_15__enormous_17 1","2435__happen_7__Plan_11 1","2435__European_10__Plan_11 0",,,,,"15526__am_3__hell_5 2",3,1,0,,
"3L1EFR8WWS4WQQWDCPR868ARW0Z9F3","3PJUZCGDJ6GPYVKKUDQ4K0OLLNA895","E","Approved","Thu Jan 19 11:44:47 PST 2017","Thu Jan 19 13:05:58 PST 2017",,,161,"1127__look_20__stretch_34 0","1127__river_38__stretch_34 0",,,,,,"219__headed_18__set_12 0","7751__path_8__spreading_20 1","7751__down-_22__spreading_20 0",,,,,"7714__ions_13__hold_14 1","3255__probable_10__habits_12 0","3255__life_11__habits_12 1",,,,,"3396__remain_2__Puzzles_1 1","7742__relation_7__law_15 1","7742__equivalent_11__law_15 0",,,,,"7727__effect_24__pinch_23 0","7710__weaker_33__leading_37 0","7710__instability_42__leading_37 1",,,,,"7697__particles_36__negative_33 1",3,1,0,,
"3T6SSHJUZE99BIR6HR36MYMMVIEIIM","30BUDKLTXDVN69SZ4QZN0UF5AUP5EA","E","Approved","Thu Jan 19 11:29:20 PST 2017","Thu Jan 19 13:05:59 PST 2017",,,193,"7734__worth_4__called_14 0","7734__rarely_13__called_14 0",,,,,,"3330__conspicuous_13__midrib_14 0","2264__militant_18__bastards_19 0","2264__destroy_27__bastards_19 0",,,,,"7795__people_18__stray_16 1","7643__theorem_5__-side_9 1","7643__left-hand_8__-side_9 0",,,,,"7656__magnetometer_30__sensitive_29 1","1137__book_3__moving_6 0","1137__deeply_5__moving_6 1",,,,,"5886__baser_9__feelings_10 0","7627__current_3__density_4 1","7627__specified_6__density_4 0",,,,,"7630__equation_8__form_25 0",3,1,0,,
"32TMVRKDGMXME5GENGPBF8IPN4848L","3LWJHTCVCCM459BTJT7WGNVWIRRFQF","E","Approved","Thu Jan 19 11:32:33 PST 2017","Thu Jan 19 13:05:58 PST 2017",,,202,"7834__pattern_16__muted_14 2","7834__greens_18__muted_14 0",,,,,,"2236__bay_6__quiet_5 1","3049__particularly_4__vicious_5 0","3049__nose-job_7__vicious_5 3",,,,,"6053__expected_2__rise_6 0","2370__corporate_4__plan_5 0","2370__win_9__plan_5 1",,,,,"3067__dime_27__dozen_29 0","251__Advocates_1__system_5 1","251__first-past-the-post_4__system_5 0",,,,,"7703__larger_26__forces_23 1","6041__born_27__taste_29 1","6041__liquor_31__taste_29 0",,,,,"251__government_16__strong_15 1",3,1,0,,
"3TKXBROM5S956TBCZ9O6YZ1M8X3IJY","3R9WASFE2ZGDJ1CK6PQ97G70NUCFZ9","E","Approved","Thu Jan 19 11:38:17 PST 2017","Thu Jan 19 13:05:59 PST 2017",,,231,"7656__unfair_4__potential_9 1","7656__vector_8__potential_9 1",,,,,,"6085__concocted_25__tale_27 1","3398__animals_11__seen_15 0","3398__world_13__seen_15 1",,,,,"7939__aspects_34__persisting_33 1","7889__objects_35__swam_47 1","7889__rimmed_53__swam_47 0",,,,,"318__dancing_9__uninhibited_8 1","3298__inhabit_8__column_11 1","3298__water_10__column_11 1",,,,,"402__-orientated_6__business_5 1","3055__smile_7__trace_4 1","3055__blush_10__trace_4 1",,,,,"7722__mathematical_25__form_26 1",3,1,0,,
"35YHTYFL1F2UNX9GFQW4YQZONSIFVP","3L6L49WXW0X5E7V6FKNAR83EX5V544","E","Approved","Thu Jan 19 11:17:21 PST 2017","Thu Jan 19 13:05:58 PST 2017",,,201,"6131__thorn_15__drove_16 2","6131__pad_20__drove_16 1",,,,,,"216__review_2__adds_3 1","3373__distinct_3__veining_4 0","3373__seen_8__veining_4 0",,,,,"3289__begin_26__suspect_28 0","3043__correctness_2__grey_12 3","3043__perfectly_11__grey_12 0",,,,,"28__responds_13__charge_16 1","7720__question_10__arose_15 0","7720__current_14__arose_15 1",,,,,"5981__contingency_2__plans_3 0","3362__history_7__extending_8 1","3362__Cretaceous_13__extending_8 1",,,,,"2415__assignment_10__brief_8 0",3,1,0,,
"HITId","AssignmentId","WorkerId","AssignmentStatus","AcceptTime","ApprovalTime","RejectionTime","RequesterFeedback","WorkTimeInSeconds","Answer.0metaphorNovelty0","Answer.0metaphorNovelty1","Answer.0metaphorNovelty2","Answer.0metaphorNovelty3","Answer.0metaphorNovelty4","Answer.0metaphorNovelty5","Answer.0metaphorNovelty6","Answer.1metaphorNovelty0","Answer.2metaphorNovelty0","Answer.2metaphorNovelty1","Answer.2metaphorNovelty2","Answer.2metaphorNovelty3","Answer.2metaphorNovelty4","Answer.2metaphorNovelty5","Answer.3metaphorNovelty0","Answer.4metaphorNovelty0","Answer.4metaphorNovelty1","Answer.4metaphorNovelty2","Answer.4metaphorNovelty3","Answer.4metaphorNovelty4","Answer.4metaphorNovelty5","Answer.5metaphorNovelty0","Answer.6metaphorNovelty0","Answer.6metaphorNovelty1","Answer.6metaphorNovelty2","Answer.6metaphorNovelty3","Answer.6metaphorNovelty4","Answer.6metaphorNovelty5","Answer.7metaphorNovelty0","Answer.8metaphorNovelty0","Answer.8metaphorNovelty1","Answer.8metaphorNovelty2","Answer.8metaphorNovelty3","Answer.8metaphorNovelty4","Answer.8metaphorNovelty5","Answer.9metaphorNovelty0","Answer.example1","Answer.example2","Answer.example3","Approve","Reject"
"3RQVKZ7ZRJI8BDW89XEH8TPWS68727","3ZR9AIQJUB96J095IEHYAD7NGXL04F","E","Approved","Thu Jan 19 13:39:39 PST 2017","Thu Jan 19 14:00:42 PST 2017",,,162,"3417__reason_3__cope_7 0","3417__climates_9__cope_7 1",,,,,,"5851__infinity_29__studded_28 3","7940__family_9__name_17 0","7940__tried_15__name_17 0",,,,,"10337__quotes_8__lot_6 1","3267__active_28__swimmers_29 0","3267__streamlining_32__swimmers_29 0",,,,,"282__Brothers_16__set_14 1","423__business_11__runs_6 1","423__home_14__runs_6 0",,,,,"7898__mind_3__elsewhere_5 1","7737__electric_2__field_3 1","7737__[formula_6__field_3 0",,,,,"5962__stunted_27__uncompromising_8 0",3,1,0,,
"3G5RUKN2EB28EI9UADALEDJ0YRN9NC","3FIJLY1B6U4J5XAEJGS7GI5MDV5PFY","E","Approved","Thu Jan 19 13:35:07 PST 2017","Thu Jan 19 14:00:42 PST 2017",,,136,"363__kids_2__eat_3 0","363__alive_5__eat_3 0",,,,,,"2378__organisation_3__wound_6 1","33__Electors_1__prepared_4 0","33__criticise_6__prepared_4 0",,,,,"10344__stupid_7__feel_4 1","4__head_3__mounted_14 0","4__bid_11__mounted_14 1",,,,,"2329__approach_11__over-_9 0","7936__combination_6__produces_24 1","7936__called_32__produces_24 0",,,,,"2178__taking_12__toll_14 1","217__seek_4__knock_6 0","217__keystone_9__knock_6 0",,,,,"7801__catalogue_5__negotiated_2 0",3,1,0,,
"31MBOZ6PANQKOGDCAK4X3BGJZHQCLU","3ZGVPD4G6THN26UL19VYOKM1E3KZT1","E","Approved","Thu Jan 19 13:14:22 PST 2017","Thu Jan 19 14:00:41 PST 2017",,,249,"356__head_15__buried_16 0","356__novel_24__buried_16 2",,,,,,"1422__words_38__bring_39 1","7772__metaphor_3__motif_6 0","7772__cultural_5__motif_6 1",,,,,"7979__wild_4__makes_2 1","15066__er_2__fine_4 0","15066__baby_7__fine_4 0",,,,,"10422__live_11__stroke_15 0","7982__Judging_1__runs_2 1","7982__family_5__runs_2 0",,,,,"15085__look_3__leg_2 1","2813__putting_6__masts_9 0","2813__80-foot_8__masts_9 0",,,,,"359__jokes_20__absorbing_19 2",3,1,0,,
"3KWGG5KP6I14UYVXAW5C3OV8ZMGCMW","3R3YRB5GRF311B12PM59CNHUOWKUAM","E","Approved","Thu Jan 19 13:37:23 PST 2017","Thu Jan 19 14:00:42 PST 2017",,,136,"1807__sent_17__team_19 1","1807__spooks_22__team_19 1",,,,,,"3260__mammals_32__unrelated_31 0","7621__divergence_11__function_15 1","7621__vector_14__function_15 1",,,,,"6120__memories_7__escaped_4 2","2397__supply_7__market_10 0","2397__imports_12__market_10 1",,,,,"7693__carriers_20__charge_19 1","1129__changed_2__hands_3 1","1129__recently_4__hands_3 0",,,,,"7889__told_2__veiled_14 0","247__government_19__sought_21 1","247__force_23__sought_21 0",,,,,"248__rally_7__Co-ordinating_5 0",3,1,0,,
"35A1YQPVFDFXZUWRA7KCXPIHQWAI5E","3GNCZX450INO96T6806F2HUVGFSPAL","E","Approved","Thu Jan 19 13:26:01 PST 2017","Thu Jan 19 14:00:41 PST 2017",,,125,"5954__float_12__raft_15 0","5954__mist_18__raft_15 3",,,,,,"7619__choosing_20__called_19 0","3261__animals_31__defy_33 0","3261__comparison_34__defy_33 1",,,,,"10729__health_17__bloody_16 1","217__knock_6__keystone_9 0","217__tradition_13__keystone_9 1",,,,,"7901__voices_3__sexless_2 2","3282__direction_11__field_14 1","3282__view_16__field_14 1",,,,,"7757__approach_8__warmth_4 0","2393__effect_10__plan_14 0","2393__corporate_13__plan_14 1",,,,,"7953__blows_10__wild_9 1",3,1,0,,
"3W0KKJIARQ87S75H88CRMP7LKQ0K8T","3NGI5ARFTT5SFIG6CHDMRG1SCLMP1X","E","Approved","Thu Jan 19 13:18:31 PST 2017","Thu Jan 19 14:00:42 PST 2017",,,272,"3245__sediments_2__reveal_4 1","3245__shown_14__reveal_4 0",,,,,,"5951__winds_14__stripped_8 1","336__book_28__mould_39 0","336__breaks_37__mould_39 0",,,,,"7765__write_9__plain_11 0","5954__raft_15__mist_18 3","5954__golden_17__mist_18 3",,,,,"12422__equals_4__add_2 0","254__build_10__pull_13 1","254__ground_17__pull_13 0",,,,,"1146__setting_8__cool_5 1","3047__perils_2__illustrated_9 3","3047__C4_15__illustrated_9 0",,,,,"350__output_45__prolific_44 2",3,1,0,,
"3UEDKCTP9UP3ST0YY3KL8PBQ96UK76","3R2UR8A0IAGIKJPY4ALEXP037V5OX7","E","Approved","Thu Jan 19 13:11:55 PST 2017","Thu Jan 19 14:00:42 PST 2017",,,147,"3309__animal_15__frozen_21 0","3309__motion_22__frozen_21 1",,,,,,"12433__add_4__add_2 0","7717__current-_18__carrying_19 1","7717__conductors_20__carrying_19 1",,,,,"7738__material_14__resistance_11 1","318__dancing_9__atmosphere_4 0","318__whelping_11__atmosphere_4 0",,,,,"7693__electrons_23__negative_22 1","5984__imagined_13__devotion_14 0","5984__animal_18__devotion_14 0",,,,,"2504__executives_21__top_20 1","7728__determining_10__lines_12 0","7728__flow_15__lines_12 1",,,,,"7636__wire_15__constant_12 0",3,1,0,,
"3UZUVSO3P6UJRWFB6NB7TCVBKYTEMR","32EYX73OY09T0SNJRXRV7D64O08RUR","E","Approved","Thu Jan 19 13:32:06 PST 2017","Thu Jan 19 14:00:42 PST 2017",,,181,"7624__add_3__scalar_10 0","7624__function_11__scalar_10 1",,,,,,"7941__containing_7__killed_21 0","7900__patches_13__moving_17 0","7900__frame_21__moving_17 0",,,,,"7646__equations_7__describing_8 1","66__answers_4__illustrated_6 1","66__photographs_8__illustrated_6 1",,,,,"316__venue_25__wholesome_24 1","10747__lot_17__look_29 0","10747__range_32__look_29 0",,,,,"7714__attraction_22__virtue_18 1","2441__help_2__regime_9 0","2441__plants_5__regime_9 0",,,,,"314__rock_16__heavy_15 1",3,1,0,,
"39WSF6KUV1K7RZ0NJ3QKLGKGFY8EO6","3XIQGXAUMC8BZDXZNO4CM3E8H6VX7Q","E","Approved","Thu Jan 19 13:28:07 PST 2017","Thu Jan 19 14:00:41 PST 2017",,,239,"311__ingredients_14__takeaway_17 0","311__Chinese_22__takeaway_17 0",,,,,,"7656__magnetometer_30__based_35 0","7712__ions_8__lattice_14 0","7712__crystal_13__lattice_14 2",,,,,"6106__sick_15__feel_14 1","3250__bipedal_13__stance_14 0","3250__dinosaurs_17__stance_14 0",,,,,"3241__interpretations_9__fixed_6 1","413__telecottage_11__able_14 1","413__function_16__able_14 0",,,,,"3411__left_11__allies_17 0","7766__splashes_48__washed_49 0","7766__notation_52__washed_49 3",,,,,"3255__complementary_16__approaches_17 0",3,1,0,,
"344M16OZKHEP9E0BIOQ76RKBPO3ENR","3BEFOD78W6T3MEGC7J4W8AE0J0LM4B","E","Approved","Thu Jan 19 13:23:04 PST 2017","Thu Jan 19 14:00:41 PST 2017",,,177,"7764__drama_14__accessible_13 2","7764__quarrels_20__accessible_13 0",,,,,,"5896__virtually_3__bite_5 1","353__words_49__started_50 1","353__coat-hanger_53__started_50 0",,,,,"1141__village_8__finest_6 1","15522__laugh_1__Throw_2 0","15522__drink_5__Throw_2 1",,,,,"56__labour_44__field_45 1","1832__jokes_11__shared_9 1","1832__telephone_15__shared_9 0",,,,,"5921__question_4__told_10 0","238__bodies_16__recommended_17 0","238__review_20__recommended_17 1",,,,,"10577__road_25__taking_23 1",3,1,0,,
